{
  "data": [
    {
      "Properties": {
        "domain": "DOMAIN4.LOCAL",
        "name": "CA_C1A4B1BD@DOMAIN4.LOCAL",
        "distinguishedname": "CN=CA_C1A4B1BD,CN=CERTIFICATION AUTHORITIES,CN=PUBLIC KEY SERVICES,CN=SERVICES,CN=CONFIGURATION,DC=DOMAIN4,DC=LOCAL",
        "domainsid": "S-1-5-21-1809690782-1515124380-3839109947",
        "isaclprotected": false,
        "description": null,
        "whencreated": 1683819999,
        "certthumbprint": "7866969D26B9FA217AD4BD1A1FC237DA36F21C91",
        "certname": "7866969D26B9FA217AD4BD1A1FC237DA36F21C91",
        "certchain": [
          "7866969D26B9FA217AD4BD1A1FC237DA36F21C91"
        ],
        "hasbasicconstraints": false,
        "basicconstraintpathlength": 0
      },
      "DomainSID": "S-1-5-21-1809690782-1515124380-3839109947",
      "Aces": [
        {
          "PrincipalSID": "S-1-5-21-1809690782-1515124380-3839109947-519",
          "PrincipalType": "Group",
          "RightName": "Owns",
          "IsInherited": false
        },
        {
          "PrincipalSID": "DOMAIN4.LOCAL-S-1-5-32-544",
          "PrincipalType": "Group",
          "RightName": "GenericAll",
          "IsInherited": false
        },
        {
          "PrincipalSID": "S-1-5-21-1809690782-1515124380-3839109947-512",
          "PrincipalType": "Group",
          "RightName": "GenericAll",
          "IsInherited": false
        },
        {
          "PrincipalSID": "S-1-5-21-1809690782-1515124380-3839109947-517",
          "PrincipalType": "Group",
          "RightName": "GenericAll",
          "IsInherited": false
        },
        {
          "PrincipalSID": "S-1-5-21-1809690782-1515124380-3839109947-519",
          "PrincipalType": "Group",
          "RightName": "GenericAll",
          "IsInherited": false
        },
        {
          "PrincipalSID": "S-1-5-21-1809690782-1515124380-3839109947-519",
          "PrincipalType": "Group",
          "RightName": "GenericAll",
          "IsInherited": true
        },
        {
          "PrincipalSID": "S-1-5-21-1809690782-1515124380-3839109947-512",
          "PrincipalType": "Group",
          "RightName": "WriteDacl",
          "IsInherited": true
        },
        {
          "PrincipalSID": "S-1-5-21-1809690782-1515124380-3839109947-512",
          "PrincipalType": "Group",
          "RightName": "WriteOwner",
          "IsInherited": true
        }
      ],
      "ObjectIdentifier": "442D63A8-C253-4E63-A9B0-9D3DA28A0F1B",
      "IsDeleted": false,
      "IsACLProtected": false,
      "ContainedBy": {
        "ObjectIdentifier": "C8F865FC-7231-4645-B09A-E017D33F37E2",
        "ObjectType": "Container"
      }
    }
  ],
  "meta": {
    "methods": 521215,
    "type": "rootcas",
    "count": 1,
    "version": 6
  }
}