{
  "data": [
    {
      "Properties": {
        "domain": "DOMAIN1.LOCAL",
        "name": "NTAUTHCERTIFICATES@DOMAIN1.LOCAL",
        "distinguishedname": "CN=NTAUTHCERTIFICATES,CN=PUBLIC KEY SERVICES,CN=SERVICES,CN=CONFIGURATION,DC=DOMAIN1,DC=LOCAL",
        "domainsid": "S-1-5-21-1940134870-3096912709-3221846354",
        "isaclprotected": false,
        "certthumbprints": [
          "A69AA36CFC21865FC1F17382EAE152CA5973FA2B",
          "49E95AC043E3C714B9BFF6700291F887F492A517"
        ],
        "description": null,
        "whencreated": 1683986131
      },
      "DomainSID": "S-1-5-21-1940134870-3096912709-3221846354",
      "Aces": [
        {
          "PrincipalSID": "S-1-5-21-1940134870-3096912709-3221846354-519",
          "PrincipalType": "Group",
          "RightName": "Owns",
          "IsInherited": false
        },
        {
          "PrincipalSID": "DOMAIN1.LOCAL-S-1-5-32-544",
          "PrincipalType": "Group",
          "RightName": "GenericAll",
          "IsInherited": false
        },
        {
          "PrincipalSID": "S-1-5-21-1940134870-3096912709-3221846354-512",
          "PrincipalType": "Group",
          "RightName": "GenericAll",
          "IsInherited": false
        },
        {
          "PrincipalSID": "S-1-5-21-1940134870-3096912709-3221846354-519",
          "PrincipalType": "Group",
          "RightName": "GenericAll",
          "IsInherited": false
        },
        {
          "PrincipalSID": "S-1-5-21-1940134870-3096912709-3221846354-519",
          "PrincipalType": "Group",
          "RightName": "GenericAll",
          "IsInherited": true
        },
        {
          "PrincipalSID": "S-1-5-21-1940134870-3096912709-3221846354-512",
          "PrincipalType": "Group",
          "RightName": "WriteDacl",
          "IsInherited": true
        },
        {
          "PrincipalSID": "S-1-5-21-1940134870-3096912709-3221846354-512",
          "PrincipalType": "Group",
          "RightName": "WriteOwner",
          "IsInherited": true
        }
      ],
      "ObjectIdentifier": "0C45F589-7527-439C-B1C6-B1D91E9FAA0E",
      "IsDeleted": false,
      "IsACLProtected": false,
      "ContainedBy": {
        "ObjectIdentifier": "DB1CFFAD-95D6-4F78-87B9-8451058C8E0D",
        "ObjectType": "Container"
      }
    }
  ],
  "meta": {
    "methods": 521215,
    "type": "ntauthstores",
    "count": 1,
    "version": 6
  }
}