{
  "data": [
    {
      "GPOChanges": {
        "LocalAdmins": [],
        "RemoteDesktopUsers": [],
        "DcomUsers": [],
        "PSRemoteUsers": [],
        "AffectedComputers": [
          {
            "ObjectIdentifier": "S-1-5-21-1809690782-1515124380-3839109947-1000",
            "ObjectType": "Computer"
          },
          {
            "ObjectIdentifier": "S-1-5-21-1809690782-1515124380-3839109947-1112",
            "ObjectType": "Computer"
          },
          {
            "ObjectIdentifier": "S-1-5-21-1809690782-1515124380-3839109947-1114",
            "ObjectType": "Computer"
          },
          {
            "ObjectIdentifier": "S-1-5-21-1809690782-1515124380-3839109947-1117",
            "ObjectType": "Computer"
          },
          {
            "ObjectIdentifier": "S-1-5-21-1809690782-1515124380-3839109947-1120",
            "ObjectType": "Computer"
          },
          {
            "ObjectIdentifier": "S-1-5-21-1809690782-1515124380-3839109947-1123",
            "ObjectType": "Computer"
          },
          {
            "ObjectIdentifier": "S-1-5-21-1809690782-1515124380-3839109947-1169",
            "ObjectType": "Computer"
          },
          {
            "ObjectIdentifier": "S-1-5-21-1809690782-1515124380-3839109947-1180",
            "ObjectType": "Computer"
          },
          {
            "ObjectIdentifier": "S-1-5-21-1809690782-1515124380-3839109947-1181",
            "ObjectType": "Computer"
          },
          {
            "ObjectIdentifier": "S-1-5-21-1809690782-1515124380-3839109947-1186",
            "ObjectType": "Computer"
          },
          {
            "ObjectIdentifier": "S-1-5-21-1809690782-1515124380-3839109947-1188",
            "ObjectType": "Computer"
          }
        ]
      },
      "Properties": {
        "domain": "DOMAIN4.LOCAL",
        "name": "DOMAIN4.LOCAL",
        "distinguishedname": "DC=DOMAIN4,DC=LOCAL",
        "domainsid": "S-1-5-21-1809690782-1515124380-3839109947",
        "isaclprotected": false,
        "description": null,
        "whencreated": 1668394804,
        "functionallevel": "2016",
        "collected": true
      },
      "ChildObjects": [],
      "Trusts": [
        {
          "TargetDomainSid": "S-1-5-21-1823080878-763429409-3764048253",
          "TargetDomainName": "CHILD.DOMAIN4.LOCAL",
          "IsTransitive": true,
          "SidFilteringEnabled": false,
          "TrustDirection": "Bidirectional",
          "TrustType": "ParentChild"
        },
        {
          "TargetDomainSid": "S-1-5-21-1940134870-3096912709-3221846354",
          "TargetDomainName": "DOMAIN1.LOCAL",
          "IsTransitive": true,
          "SidFilteringEnabled": true,
          "TrustDirection": "Bidirectional",
          "TrustType": "External"
        }
      ],
      "Links": [
        {
          "IsEnforced": false,
          "GUID": "B37E24E8-9C5B-432E-A078-DDE595E36C8A"
        },
        {
          "IsEnforced": false,
          "GUID": "B669AA52-7D1F-4833-8A93-79C4BDF6FE6C"
        }
      ],
      "Aces": [
        {
          "PrincipalSID": "DOMAIN4.LOCAL-S-1-5-32-544",
          "PrincipalType": "Group",
          "RightName": "Owns",
          "IsInherited": false
        },
        {
          "PrincipalSID": "DOMAIN4.LOCAL-S-1-5-32-544",
          "PrincipalType": "Group",
          "RightName": "WriteDacl",
          "IsInherited": false
        },
        {
          "PrincipalSID": "DOMAIN4.LOCAL-S-1-5-32-544",
          "PrincipalType": "Group",
          "RightName": "WriteOwner",
          "IsInherited": false
        },
        {
          "PrincipalSID": "DOMAIN4.LOCAL-S-1-5-32-544",
          "PrincipalType": "Group",
          "RightName": "AllExtendedRights",
          "IsInherited": false
        },
        {
          "PrincipalSID": "S-1-5-21-1809690782-1515124380-3839109947-512",
          "PrincipalType": "Group",
          "RightName": "WriteDacl",
          "IsInherited": false
        },
        {
          "PrincipalSID": "S-1-5-21-1809690782-1515124380-3839109947-512",
          "PrincipalType": "Group",
          "RightName": "WriteOwner",
          "IsInherited": false
        },
        {
          "PrincipalSID": "S-1-5-21-1809690782-1515124380-3839109947-512",
          "PrincipalType": "Group",
          "RightName": "AllExtendedRights",
          "IsInherited": false
        },
        {
          "PrincipalSID": "S-1-5-21-1809690782-1515124380-3839109947-519",
          "PrincipalType": "Group",
          "RightName": "GenericAll",
          "IsInherited": false
        },
        {
          "PrincipalSID": "DOMAIN4.LOCAL-S-1-5-9",
          "PrincipalType": "Group",
          "RightName": "GetChangesInFilteredSet",
          "IsInherited": false
        },
        {
          "PrincipalSID": "DOMAIN4.LOCAL-S-1-5-9",
          "PrincipalType": "Group",
          "RightName": "GetChanges",
          "IsInherited": false
        },
        {
          "PrincipalSID": "DOMAIN4.LOCAL-S-1-5-32-544",
          "PrincipalType": "Group",
          "RightName": "GetChangesInFilteredSet",
          "IsInherited": false
        },
        {
          "PrincipalSID": "DOMAIN4.LOCAL-S-1-5-32-544",
          "PrincipalType": "Group",
          "RightName": "GetChanges",
          "IsInherited": false
        },
        {
          "PrincipalSID": "DOMAIN4.LOCAL-S-1-5-32-544",
          "PrincipalType": "Group",
          "RightName": "GetChangesAll",
          "IsInherited": false
        },
        {
          "PrincipalSID": "S-1-5-21-1809690782-1515124380-3839109947-498",
          "PrincipalType": "Group",
          "RightName": "GetChanges",
          "IsInherited": false
        },
        {
          "PrincipalSID": "S-1-5-21-1809690782-1515124380-3839109947-516",
          "PrincipalType": "Group",
          "RightName": "GetChangesAll",
          "IsInherited": false
        }
      ],
      "ObjectIdentifier": "S-1-5-21-1809690782-1515124380-3839109947",
      "IsDeleted": false,
      "IsACLProtected": false,
      "ContainedBy": null
    }
  ],
  "meta": {
    "methods": 521215,
    "type": "domains",
    "count": 1,
    "version": 6
  }
}