{
  "data": [
    {
      "GPOChanges": {
        "LocalAdmins": [],
        "RemoteDesktopUsers": [],
        "DcomUsers": [],
        "PSRemoteUsers": [],
        "AffectedComputers": []
      },
      "Properties": {
        "domain": "DOMAIN4.LOCAL",
        "name": "GROUPS@DOMAIN4.LOCAL",
        "distinguishedname": "OU=GROUPS,DC=DOMAIN4,DC=LOCAL",
        "domainsid": "S-1-5-21-1809690782-1515124380-3839109947",
        "isaclprotected": false,
        "description": null,
        "whencreated": 1683440684,
        "blocksinheritance": false
      },
      "Links": [],
      "ChildObjects": [],
      "Aces": [
        {
          "PrincipalSID": "S-1-5-21-1809690782-1515124380-3839109947-512",
          "PrincipalType": "Group",
          "RightName": "Owns",
          "IsInherited": false
        },
        {
          "PrincipalSID": "S-1-5-21-1809690782-1515124380-3839109947-512",
          "PrincipalType": "Group",
          "RightName": "GenericAll",
          "IsInherited": false
        },
        {
          "PrincipalSID": "S-1-5-21-1809690782-1515124380-3839109947-519",
          "PrincipalType": "Group",
          "RightName": "GenericAll",
          "IsInherited": true
        },
        {
          "PrincipalSID": "DOMAIN4.LOCAL-S-1-5-32-544",
          "PrincipalType": "Group",
          "RightName": "WriteDacl",
          "IsInherited": true
        },
        {
          "PrincipalSID": "DOMAIN4.LOCAL-S-1-5-32-544",
          "PrincipalType": "Group",
          "RightName": "WriteOwner",
          "IsInherited": true
        }
      ],
      "ObjectIdentifier": "98D3101F-8880-4EA4-BE10-8AF5457DC742",
      "IsDeleted": false,
      "IsACLProtected": false,
      "ContainedBy": {
        "ObjectIdentifier": "S-1-5-21-1809690782-1515124380-3839109947",
        "ObjectType": "Domain"
      }
    },
    {
      "GPOChanges": {
        "LocalAdmins": [],
        "RemoteDesktopUsers": [],
        "DcomUsers": [],
        "PSRemoteUsers": [],
        "AffectedComputers": []
      },
      "Properties": {
        "domain": "DOMAIN4.LOCAL",
        "name": "OU_685481@DOMAIN4.LOCAL",
        "distinguishedname": "OU=OU_685481,DC=DOMAIN4,DC=LOCAL",
        "domainsid": "S-1-5-21-1809690782-1515124380-3839109947",
        "isaclprotected": false,
        "description": null,
        "whencreated": 1685414725,
        "blocksinheritance": false
      },
      "Links": [],
      "ChildObjects": [],
      "Aces": [
        {
          "PrincipalSID": "S-1-5-21-1809690782-1515124380-3839109947-512",
          "PrincipalType": "Group",
          "RightName": "Owns",
          "IsInherited": false
        },
        {
          "PrincipalSID": "S-1-5-21-1809690782-1515124380-3839109947-512",
          "PrincipalType": "Group",
          "RightName": "GenericAll",
          "IsInherited": false
        },
        {
          "PrincipalSID": "S-1-5-21-1809690782-1515124380-3839109947-1124",
          "PrincipalType": "Group",
          "RightName": "GenericAll",
          "IsInherited": false
        },
        {
          "PrincipalSID": "S-1-5-21-1809690782-1515124380-3839109947-519",
          "PrincipalType": "Group",
          "RightName": "GenericAll",
          "IsInherited": true
        },
        {
          "PrincipalSID": "DOMAIN4.LOCAL-S-1-5-32-544",
          "PrincipalType": "Group",
          "RightName": "WriteDacl",
          "IsInherited": true
        },
        {
          "PrincipalSID": "DOMAIN4.LOCAL-S-1-5-32-544",
          "PrincipalType": "Group",
          "RightName": "WriteOwner",
          "IsInherited": true
        }
      ],
      "ObjectIdentifier": "578F7560-E443-4F8C-AE05-349C06368126",
      "IsDeleted": false,
      "IsACLProtected": false,
      "ContainedBy": {
        "ObjectIdentifier": "S-1-5-21-1809690782-1515124380-3839109947",
        "ObjectType": "Domain"
      }
    },
    {
      "GPOChanges": {
        "LocalAdmins": [],
        "RemoteDesktopUsers": [],
        "DcomUsers": [],
        "PSRemoteUsers": [],
        "AffectedComputers": []
      },
      "Properties": {
        "domain": "DOMAIN4.LOCAL",
        "name": "OU_18B776@DOMAIN4.LOCAL",
        "distinguishedname": "OU=OU_18B776,DC=DOMAIN4,DC=LOCAL",
        "domainsid": "S-1-5-21-1809690782-1515124380-3839109947",
        "isaclprotected": false,
        "description": null,
        "whencreated": 1694233010,
        "blocksinheritance": false
      },
      "Links": [],
      "ChildObjects": [],
      "Aces": [
        {
          "PrincipalSID": "S-1-5-21-1809690782-1515124380-3839109947-512",
          "PrincipalType": "Group",
          "RightName": "Owns",
          "IsInherited": false
        },
        {
          "PrincipalSID": "S-1-5-21-1809690782-1515124380-3839109947-512",
          "PrincipalType": "Group",
          "RightName": "GenericAll",
          "IsInherited": false
        },
        {
          "PrincipalSID": "S-1-5-21-1809690782-1515124380-3839109947-519",
          "PrincipalType": "Group",
          "RightName": "GenericAll",
          "IsInherited": true
        },
        {
          "PrincipalSID": "DOMAIN4.LOCAL-S-1-5-32-544",
          "PrincipalType": "Group",
          "RightName": "WriteDacl",
          "IsInherited": true
        },
        {
          "PrincipalSID": "DOMAIN4.LOCAL-S-1-5-32-544",
          "PrincipalType": "Group",
          "RightName": "WriteOwner",
          "IsInherited": true
        }
      ],
      "ObjectIdentifier": "E721887C-552A-4FD0-B9B2-CA1CD77B5A50",
      "IsDeleted": false,
      "IsACLProtected": false,
      "ContainedBy": {
        "ObjectIdentifier": "S-1-5-21-1809690782-1515124380-3839109947",
        "ObjectType": "Domain"
      }
    },
    {
      "GPOChanges": {
        "LocalAdmins": [],
        "RemoteDesktopUsers": [],
        "DcomUsers": [],
        "PSRemoteUsers": [],
        "AffectedComputers": []
      },
      "Properties": {
        "domain": "DOMAIN4.LOCAL",
        "name": "OU_38B1A4@DOMAIN4.LOCAL",
        "distinguishedname": "OU=OU_38B1A4,CN=CN_BD2ECE,OU=OU_18B776,DC=DOMAIN4,DC=LOCAL",
        "domainsid": "S-1-5-21-1809690782-1515124380-3839109947",
        "isaclprotected": false,
        "description": null,
        "whencreated": 1694233262,
        "blocksinheritance": false
      },
      "Links": [],
      "ChildObjects": [],
      "Aces": [
        {
          "PrincipalSID": "S-1-5-21-1809690782-1515124380-3839109947-512",
          "PrincipalType": "Group",
          "RightName": "Owns",
          "IsInherited": false
        },
        {
          "PrincipalSID": "S-1-5-21-1809690782-1515124380-3839109947-512",
          "PrincipalType": "Group",
          "RightName": "GenericAll",
          "IsInherited": false
        }
      ],
      "ObjectIdentifier": "8BDD7A66-8E98-42F4-B21A-453EEAFC00DD",
      "IsDeleted": false,
      "IsACLProtected": false,
      "ContainedBy": {
        "ObjectIdentifier": "S-1-5-21-1809690782-1515124380-3839109947-1113",
        "ObjectType": "User"
      }
    },
    {
      "GPOChanges": {
        "LocalAdmins": [],
        "RemoteDesktopUsers": [],
        "DcomUsers": [],
        "PSRemoteUsers": [],
        "AffectedComputers": [
          {
            "ObjectIdentifier": "S-1-5-21-1809690782-1515124380-3839109947-1114",
            "ObjectType": "Computer"
          },
          {
            "ObjectIdentifier": "S-1-5-21-1809690782-1515124380-3839109947-1117",
            "ObjectType": "Computer"
          }
        ]
      },
      "Properties": {
        "domain": "DOMAIN4.LOCAL",
        "name": "OU_4C25EE@DOMAIN4.LOCAL",
        "distinguishedname": "OU=OU_4C25EE,DC=DOMAIN4,DC=LOCAL",
        "domainsid": "S-1-5-21-1809690782-1515124380-3839109947",
        "isaclprotected": false,
        "description": null,
        "whencreated": 1683440517,
        "blocksinheritance": false
      },
      "Links": [
        {
          "IsEnforced": false,
          "GUID": "B12D8802-85FE-4229-9C0F-D370F5FC9C70"
        }
      ],
      "ChildObjects": [],
      "Aces": [
        {
          "PrincipalSID": "S-1-5-21-1809690782-1515124380-3839109947-512",
          "PrincipalType": "Group",
          "RightName": "Owns",
          "IsInherited": false
        },
        {
          "PrincipalSID": "S-1-5-21-1809690782-1515124380-3839109947-512",
          "PrincipalType": "Group",
          "RightName": "GenericAll",
          "IsInherited": false
        },
        {
          "PrincipalSID": "S-1-5-21-1809690782-1515124380-3839109947-519",
          "PrincipalType": "Group",
          "RightName": "GenericAll",
          "IsInherited": true
        },
        {
          "PrincipalSID": "DOMAIN4.LOCAL-S-1-5-32-544",
          "PrincipalType": "Group",
          "RightName": "WriteDacl",
          "IsInherited": true
        },
        {
          "PrincipalSID": "DOMAIN4.LOCAL-S-1-5-32-544",
          "PrincipalType": "Group",
          "RightName": "WriteOwner",
          "IsInherited": true
        }
      ],
      "ObjectIdentifier": "27ADD1F5-ED8B-481E-BDB0-154365787190",
      "IsDeleted": false,
      "IsACLProtected": false,
      "ContainedBy": {
        "ObjectIdentifier": "S-1-5-21-1809690782-1515124380-3839109947",
        "ObjectType": "Domain"
      }
    },
    {
      "GPOChanges": {
        "LocalAdmins": [],
        "RemoteDesktopUsers": [],
        "DcomUsers": [],
        "PSRemoteUsers": [],
        "AffectedComputers": [
          {
            "ObjectIdentifier": "S-1-5-21-1809690782-1515124380-3839109947-1112",
            "ObjectType": "Computer"
          },
          {
            "ObjectIdentifier": "S-1-5-21-1809690782-1515124380-3839109947-1000",
            "ObjectType": "Computer"
          }
        ]
      },
      "Properties": {
        "domain": "DOMAIN4.LOCAL",
        "name": "DOMAIN CONTROLLERS@DOMAIN4.LOCAL",
        "distinguishedname": "OU=DOMAIN CONTROLLERS,DC=DOMAIN4,DC=LOCAL",
        "domainsid": "S-1-5-21-1809690782-1515124380-3839109947",
        "isaclprotected": false,
        "description": "Default container for domain controllers",
        "whencreated": 1668394808,
        "blocksinheritance": false
      },
      "Links": [
        {
          "IsEnforced": false,
          "GUID": "D93C0F40-740B-4C90-8AF1-132B86210382"
        },
        {
          "IsEnforced": false,
          "GUID": "21963681-DAD7-4BA3-BBC2-C36A21B5C76B"
        },
        {
          "IsEnforced": false,
          "GUID": "24369CDA-EC76-46D5-8E7A-DD8DC6F79695"
        }
      ],
      "ChildObjects": [],
      "Aces": [
        {
          "PrincipalSID": "S-1-5-21-1809690782-1515124380-3839109947-512",
          "PrincipalType": "Group",
          "RightName": "Owns",
          "IsInherited": false
        },
        {
          "PrincipalSID": "S-1-5-21-1809690782-1515124380-3839109947-512",
          "PrincipalType": "Group",
          "RightName": "WriteDacl",
          "IsInherited": false
        },
        {
          "PrincipalSID": "S-1-5-21-1809690782-1515124380-3839109947-512",
          "PrincipalType": "Group",
          "RightName": "WriteOwner",
          "IsInherited": false
        },
        {
          "PrincipalSID": "S-1-5-21-1809690782-1515124380-3839109947-519",
          "PrincipalType": "Group",
          "RightName": "GenericAll",
          "IsInherited": true
        },
        {
          "PrincipalSID": "DOMAIN4.LOCAL-S-1-5-32-544",
          "PrincipalType": "Group",
          "RightName": "WriteDacl",
          "IsInherited": true
        },
        {
          "PrincipalSID": "DOMAIN4.LOCAL-S-1-5-32-544",
          "PrincipalType": "Group",
          "RightName": "WriteOwner",
          "IsInherited": true
        }
      ],
      "ObjectIdentifier": "03D76ED9-076F-46AC-9E6D-0F232B0E3C00",
      "IsDeleted": false,
      "IsACLProtected": false,
      "ContainedBy": {
        "ObjectIdentifier": "S-1-5-21-1809690782-1515124380-3839109947",
        "ObjectType": "Domain"
      }
    }
  ],
  "meta": {
    "methods": 521215,
    "type": "ous",
    "count": 6,
    "version": 6
  }
}