{
  "data": [
    {
      "GPOChanges": {
        "LocalAdmins": [],
        "RemoteDesktopUsers": [],
        "DcomUsers": [],
        "PSRemoteUsers": [],
        "AffectedComputers": []
      },
      "Properties": {
        "domain": "DOMAIN2.LOCAL",
        "name": "DOMAIN CONTROLLERS@DOMAIN2.LOCAL",
        "distinguishedname": "OU=DOMAIN CONTROLLERS,DC=DOMAIN2,DC=LOCAL",
        "domainsid": "S-1-5-21-4148504411-878201850-2093980476",
        "isaclprotected": false,
        "description": "Default container for domain controllers",
        "whencreated": 1656555664,
        "blocksinheritance": false
      },
      "Links": [
        {
          "IsEnforced": false,
          "GUID": "3AF45C2B-E106-4AA7-946C-63400064774D"
        }
      ],
      "ChildObjects": [],
      "Aces": [
        {
          "PrincipalSID": "S-1-5-21-4148504411-878201850-2093980476-512",
          "PrincipalType": "Group",
          "RightName": "Owns",
          "IsInherited": false
        },
        {
          "PrincipalSID": "S-1-5-21-4148504411-878201850-2093980476-512",
          "PrincipalType": "Group",
          "RightName": "WriteDacl",
          "IsInherited": false
        },
        {
          "PrincipalSID": "S-1-5-21-4148504411-878201850-2093980476-512",
          "PrincipalType": "Group",
          "RightName": "WriteOwner",
          "IsInherited": false
        },
        {
          "PrincipalSID": "S-1-5-21-1940134870-3096912709-3221846354-519",
          "PrincipalType": "Group",
          "RightName": "GenericAll",
          "IsInherited": true
        },
        {
          "PrincipalSID": "DOMAIN2.LOCAL-S-1-5-32-544",
          "PrincipalType": "Group",
          "RightName": "WriteDacl",
          "IsInherited": true
        },
        {
          "PrincipalSID": "DOMAIN2.LOCAL-S-1-5-32-544",
          "PrincipalType": "Group",
          "RightName": "WriteOwner",
          "IsInherited": true
        }
      ],
      "ObjectIdentifier": "2EE8C212-4EA4-4966-ADE6-4D051A9612C8",
      "IsDeleted": false,
      "IsACLProtected": false,
      "ContainedBy": {
        "ObjectIdentifier": "S-1-5-21-4148504411-878201850-2093980476",
        "ObjectType": "Domain"
      }
    }
  ],
  "meta": {
    "methods": 521215,
    "type": "ous",
    "count": 1,
    "version": 6
  }
}