{
  "data": [
    {
      "GPOChanges": {
        "LocalAdmins": [],
        "RemoteDesktopUsers": [],
        "DcomUsers": [],
        "PSRemoteUsers": [],
        "AffectedComputers": []
      },
      "Properties": {
        "domain": "DOMAIN2.LOCAL",
        "name": "DOMAIN2.LOCAL",
        "distinguishedname": "DC=DOMAIN2,DC=LOCAL",
        "domainsid": "S-1-5-21-4148504411-878201850-2093980476",
        "isaclprotected": false,
        "description": null,
        "whencreated": 1656555663,
        "functionallevel": "2016",
        "collected": true
      },
      "ChildObjects": [],
      "Trusts": [
        {
          "TargetDomainSid": "S-1-5-21-1940134870-3096912709-3221846354",
          "TargetDomainName": "DOMAIN1.LOCAL",
          "IsTransitive": true,
          "SidFilteringEnabled": false,
          "TrustDirection": "Bidirectional",
          "TrustType": "ParentChild"
        }
      ],
      "Links": [
        {
          "IsEnforced": false,
          "GUID": "A93A3385-0120-44AB-84A6-5678F14B8606"
        },
        {
          "IsEnforced": false,
          "GUID": "5FC61405-A110-4B41-A623-9BD87103AA21"
        }
      ],
      "Aces": [
        {
          "PrincipalSID": "DOMAIN2.LOCAL-S-1-5-32-544",
          "PrincipalType": "Group",
          "RightName": "Owns",
          "IsInherited": false
        },
        {
          "PrincipalSID": "DOMAIN2.LOCAL-S-1-5-32-544",
          "PrincipalType": "Group",
          "RightName": "WriteDacl",
          "IsInherited": false
        },
        {
          "PrincipalSID": "DOMAIN2.LOCAL-S-1-5-32-544",
          "PrincipalType": "Group",
          "RightName": "WriteOwner",
          "IsInherited": false
        },
        {
          "PrincipalSID": "DOMAIN2.LOCAL-S-1-5-32-544",
          "PrincipalType": "Group",
          "RightName": "AllExtendedRights",
          "IsInherited": false
        },
        {
          "PrincipalSID": "S-1-5-21-1940134870-3096912709-3221846354-519",
          "PrincipalType": "Group",
          "RightName": "GenericAll",
          "IsInherited": false
        },
        {
          "PrincipalSID": "S-1-5-21-4148504411-878201850-2093980476-512",
          "PrincipalType": "Group",
          "RightName": "WriteDacl",
          "IsInherited": false
        },
        {
          "PrincipalSID": "S-1-5-21-4148504411-878201850-2093980476-512",
          "PrincipalType": "Group",
          "RightName": "WriteOwner",
          "IsInherited": false
        },
        {
          "PrincipalSID": "S-1-5-21-4148504411-878201850-2093980476-512",
          "PrincipalType": "Group",
          "RightName": "AllExtendedRights",
          "IsInherited": false
        },
        {
          "PrincipalSID": "DOMAIN1.LOCAL-S-1-5-9",
          "PrincipalType": "Group",
          "RightName": "GetChanges",
          "IsInherited": false
        },
        {
          "PrincipalSID": "DOMAIN1.LOCAL-S-1-5-9",
          "PrincipalType": "Group",
          "RightName": "GetChangesInFilteredSet",
          "IsInherited": false
        },
        {
          "PrincipalSID": "DOMAIN2.LOCAL-S-1-5-32-544",
          "PrincipalType": "Group",
          "RightName": "GetChangesAll",
          "IsInherited": false
        },
        {
          "PrincipalSID": "DOMAIN2.LOCAL-S-1-5-32-544",
          "PrincipalType": "Group",
          "RightName": "GetChanges",
          "IsInherited": false
        },
        {
          "PrincipalSID": "DOMAIN2.LOCAL-S-1-5-32-544",
          "PrincipalType": "Group",
          "RightName": "GetChangesInFilteredSet",
          "IsInherited": false
        },
        {
          "PrincipalSID": "S-1-5-21-1940134870-3096912709-3221846354-498",
          "PrincipalType": "Group",
          "RightName": "GetChanges",
          "IsInherited": false
        },
        {
          "PrincipalSID": "S-1-5-21-4148504411-878201850-2093980476-516",
          "PrincipalType": "Group",
          "RightName": "GetChangesAll",
          "IsInherited": false
        }
      ],
      "ObjectIdentifier": "S-1-5-21-4148504411-878201850-2093980476",
      "IsDeleted": false,
      "IsACLProtected": false,
      "ContainedBy": null
    }
  ],
  "meta": {
    "methods": 521215,
    "type": "domains",
    "count": 1,
    "version": 6
  }
}