{
  "data": [
    {
      "Properties": {
        "domain": "DOMAIN2.LOCAL",
        "name": "COMP_3AAFC80E.DOMAIN2.LOCAL",
        "distinguishedname": "CN=COMP_3AAFC80E,OU=DOMAIN CONTROLLERS,DC=DOMAIN2,DC=LOCAL",
        "domainsid": "S-1-5-21-4148504411-878201850-2093980476",
        "samaccountname": "COMP_3AAFC80E$",
        "haslaps": false,
        "isaclprotected": false,
        "description": null,
        "whencreated": 1656555700,
        "enabled": true,
        "unconstraineddelegation": true,
        "trustedtoauth": false,
        "isdc": true,
        "lastlogon": 1709665427,
        "lastlogontimestamp": 1709665397,
        "pwdlastset": 1709665397,
        "serviceprincipalnames": [
          "ldap/HST_5C996B.DOMAIN2.LOCAL/DomainDnsZones.DOMAIN2.LOCAL",
          "ldap/HST_5C996B.DOMAIN2.LOCAL/ForestDnsZones.DOMAIN1.LOCAL",
          "Dfsr-12F9A27C-BF97-4787-9364-D31B6C55EB04/HST_5C996B.DOMAIN2.LOCAL",
          "TERMSRV/HST_5C996B",
          "TERMSRV/HST_5C996B.DOMAIN2.LOCAL",
          "DNS/HST_5C996B.DOMAIN2.LOCAL",
          "GC/HST_5C996B.DOMAIN2.LOCAL/DOMAIN1.LOCAL",
          "RestrictedKrbHost/HST_5C996B.DOMAIN2.LOCAL",
          "RestrictedKrbHost/HST_5C996B",
          "RPC/HST_9E5AA9._msdcs.DOMAIN1.LOCAL",
          "HOST/HST_5C996B/DOMAIN",
          "HOST/HST_5C996B.DOMAIN2.LOCAL/DOMAIN2",
          "HOST/HST_5C996B",
          "HOST/HST_5C996B.DOMAIN2.LOCAL",
          "HOST/HST_5C996B.DOMAIN2.LOCAL/DOMAIN2.LOCAL",
          "E3514235-4B06-11D1-AB04-00C04FC2DCD2/HST_9E5AA9/DOMAIN2.LOCAL",
          "ldap/HST_5C996B/DOMAIN",
          "ldap/HST_9E5AA9._msdcs.DOMAIN1.LOCAL",
          "ldap/HST_5C996B.DOMAIN2.LOCAL/DOMAIN2",
          "ldap/HST_5C996B",
          "ldap/HST_5C996B.DOMAIN2.LOCAL",
          "ldap/HST_5C996B.DOMAIN2.LOCAL/DOMAIN2.LOCAL"
        ],
        "email": null,
        "operatingsystem": "Windows Server",
        "sidhistory": []
      },
      "PrimaryGroupSID": "S-1-5-21-2845847946-3451170323-4261139666-516",
      "AllowedToDelegate": [],
      "AllowedToAct": [],
      "HasSIDHistory": [],
      "DumpSMSAPassword": [],
      "Sessions": {
        "Results": [],
        "Collected": false,
        "FailureReason": null
      },
      "PrivilegedSessions": {
        "Results": [],
        "Collected": false,
        "FailureReason": null
      },
      "RegistrySessions": {
        "Results": [],
        "Collected": false,
        "FailureReason": null
      },
      "LocalGroups": [],
      "UserRights": [],
      "DCRegistryData": {
        "CertificateMappingMethods": null,
        "StrongCertificateBindingEnforcement": null
      },
      "Status": {
        "Connectable": false,
        "Error": "PortNotOpen"
      },
      "IsDC": true,
      "DomainSID": "S-1-5-21-2845847946-3451170323-4261139666",
      "Aces": [
        {
          "PrincipalSID": "S-1-5-21-4148504411-878201850-2093980476-512",
          "PrincipalType": "Group",
          "RightName": "Owns",
          "IsInherited": false
        },
        {
          "PrincipalSID": "S-1-5-21-4148504411-878201850-2093980476-512",
          "PrincipalType": "Group",
          "RightName": "GenericAll",
          "IsInherited": false
        },
        {
          "PrincipalSID": "S-1-5-21-1940134870-3096912709-3221846354-527",
          "PrincipalType": "Group",
          "RightName": "AddKeyCredentialLink",
          "IsInherited": true
        },
        {
          "PrincipalSID": "S-1-5-21-4148504411-878201850-2093980476-526",
          "PrincipalType": "Base",
          "RightName": "AddKeyCredentialLink",
          "IsInherited": true
        },
        {
          "PrincipalSID": "S-1-5-21-1940134870-3096912709-3221846354-519",
          "PrincipalType": "Group",
          "RightName": "GenericAll",
          "IsInherited": true
        },
        {
          "PrincipalSID": "DOMAIN2.LOCAL-S-1-5-32-544",
          "PrincipalType": "Group",
          "RightName": "WriteDacl",
          "IsInherited": true
        },
        {
          "PrincipalSID": "DOMAIN2.LOCAL-S-1-5-32-544",
          "PrincipalType": "Group",
          "RightName": "WriteOwner",
          "IsInherited": true
        },
        {
          "PrincipalSID": "DOMAIN2.LOCAL-S-1-5-32-544",
          "PrincipalType": "Group",
          "RightName": "GenericWrite",
          "IsInherited": true
        }
      ],
      "ObjectIdentifier": "S-1-5-21-4148504411-878201850-2093980476-1000",
      "IsDeleted": false,
      "IsACLProtected": false,
      "ContainedBy": {
        "ObjectIdentifier": "2EE8C212-4EA4-4966-ADE6-4D051A9612C8",
        "ObjectType": "OU"
      }
    }
  ],
  "meta": {
    "methods": 521215,
    "type": "computers",
    "count": 1,
    "version": 6
  }
}