{
  "data": [
    {
      "GPOChanges": {
        "LocalAdmins": [],
        "RemoteDesktopUsers": [],
        "DcomUsers": [],
        "PSRemoteUsers": [],
        "AffectedComputers": [
          {
            "ObjectIdentifier": "S-1-5-21-1940134870-3096912709-3221846354-1000",
            "ObjectType": "Computer"
          },
          {
            "ObjectIdentifier": "S-1-5-21-1940134870-3096912709-3221846354-1103",
            "ObjectType": "Computer"
          },
          {
            "ObjectIdentifier": "S-1-5-21-1940134870-3096912709-3221846354-2101",
            "ObjectType": "Computer"
          },
          {
            "ObjectIdentifier": "S-1-5-21-1940134870-3096912709-3221846354-2124",
            "ObjectType": "Computer"
          },
          {
            "ObjectIdentifier": "S-1-5-21-1940134870-3096912709-3221846354-2148",
            "ObjectType": "Computer"
          },
          {
            "ObjectIdentifier": "S-1-5-21-1940134870-3096912709-3221846354-2149",
            "ObjectType": "Computer"
          },
          {
            "ObjectIdentifier": "S-1-5-21-1940134870-3096912709-3221846354-2150",
            "ObjectType": "Computer"
          },
          {
            "ObjectIdentifier": "S-1-5-21-1940134870-3096912709-3221846354-2161",
            "ObjectType": "Computer"
          },
          {
            "ObjectIdentifier": "S-1-5-21-1940134870-3096912709-3221846354-2162",
            "ObjectType": "Computer"
          },
          {
            "ObjectIdentifier": "S-1-5-21-1940134870-3096912709-3221846354-2163",
            "ObjectType": "Computer"
          },
          {
            "ObjectIdentifier": "S-1-5-21-1940134870-3096912709-3221846354-2164",
            "ObjectType": "Computer"
          },
          {
            "ObjectIdentifier": "S-1-5-21-1940134870-3096912709-3221846354-2166",
            "ObjectType": "Computer"
          },
          {
            "ObjectIdentifier": "S-1-5-21-1940134870-3096912709-3221846354-2167",
            "ObjectType": "Computer"
          },
          {
            "ObjectIdentifier": "S-1-5-21-1940134870-3096912709-3221846354-2171",
            "ObjectType": "Computer"
          },
          {
            "ObjectIdentifier": "S-1-5-21-1940134870-3096912709-3221846354-2174",
            "ObjectType": "Computer"
          },
          {
            "ObjectIdentifier": "S-1-5-21-1940134870-3096912709-3221846354-2177",
            "ObjectType": "Computer"
          },
          {
            "ObjectIdentifier": "S-1-5-21-1940134870-3096912709-3221846354-2182",
            "ObjectType": "Computer"
          },
          {
            "ObjectIdentifier": "S-1-5-21-1940134870-3096912709-3221846354-2190",
            "ObjectType": "Computer"
          },
          {
            "ObjectIdentifier": "S-1-5-21-1940134870-3096912709-3221846354-2222",
            "ObjectType": "Computer"
          },
          {
            "ObjectIdentifier": "S-1-5-21-1940134870-3096912709-3221846354-2223",
            "ObjectType": "Computer"
          }
        ]
      },
      "Properties": {
        "domain": "DOMAIN1.LOCAL",
        "name": "DOMAIN1.LOCAL",
        "distinguishedname": "DC=DOMAIN1,DC=LOCAL",
        "domainsid": "S-1-5-21-1940134870-3096912709-3221846354",
        "isaclprotected": false,
        "description": null,
        "whencreated": 1653361613,
        "functionallevel": "2016",
        "collected": true
      },
      "ChildObjects": [],
      "Trusts": [
        {
          "TargetDomainSid": "S-1-5-21-4148504411-878201850-2093980476",
          "TargetDomainName": "DOMAIN2.LOCAL",
          "IsTransitive": true,
          "SidFilteringEnabled": false,
          "TrustDirection": "Bidirectional",
          "TrustType": "ParentChild"
        },
        {
          "TargetDomainSid": "S-1-5-21-3816643378-4150877935-1254043081",
          "TargetDomainName": "DOMAIN3.LOCAL",
          "IsTransitive": true,
          "SidFilteringEnabled": false,
          "TrustDirection": "Inbound",
          "TrustType": "External"
        },
        {
          "TargetDomainSid": "S-1-5-21-1809690782-1515124380-3839109947",
          "TargetDomainName": "DOMAIN4.LOCAL",
          "IsTransitive": true,
          "SidFilteringEnabled": true,
          "TrustDirection": "Bidirectional",
          "TrustType": "External"
        }
      ],
      "Links": [
        {
          "IsEnforced": false,
          "GUID": "2E52F2DF-D9CD-42ED-8560-7857E4A0EC4E"
        },
        {
          "IsEnforced": false,
          "GUID": "C868BC03-C72A-48AF-8CCD-AED18DEB7D13"
        },
        {
          "IsEnforced": false,
          "GUID": "47B331B4-71C6-40FB-89D0-ADDB4E610072"
        },
        {
          "IsEnforced": false,
          "GUID": "498E090B-F1C8-452A-924F-826A6BD03CA9"
        },
        {
          "IsEnforced": false,
          "GUID": "852C70CF-3249-4E43-A5D1-78D45CE5B406"
        }
      ],
      "Aces": [
        {
          "PrincipalSID": "DOMAIN1.LOCAL-S-1-5-32-544",
          "PrincipalType": "Group",
          "RightName": "Owns",
          "IsInherited": false
        },
        {
          "PrincipalSID": "DOMAIN1.LOCAL-S-1-5-32-544",
          "PrincipalType": "Group",
          "RightName": "WriteDacl",
          "IsInherited": false
        },
        {
          "PrincipalSID": "DOMAIN1.LOCAL-S-1-5-32-544",
          "PrincipalType": "Group",
          "RightName": "WriteOwner",
          "IsInherited": false
        },
        {
          "PrincipalSID": "DOMAIN1.LOCAL-S-1-5-32-544",
          "PrincipalType": "Group",
          "RightName": "AllExtendedRights",
          "IsInherited": false
        },
        {
          "PrincipalSID": "S-1-5-21-1940134870-3096912709-3221846354-512",
          "PrincipalType": "Group",
          "RightName": "WriteDacl",
          "IsInherited": false
        },
        {
          "PrincipalSID": "S-1-5-21-1940134870-3096912709-3221846354-512",
          "PrincipalType": "Group",
          "RightName": "WriteOwner",
          "IsInherited": false
        },
        {
          "PrincipalSID": "S-1-5-21-1940134870-3096912709-3221846354-512",
          "PrincipalType": "Group",
          "RightName": "AllExtendedRights",
          "IsInherited": false
        },
        {
          "PrincipalSID": "S-1-5-21-1940134870-3096912709-3221846354-519",
          "PrincipalType": "Group",
          "RightName": "GenericAll",
          "IsInherited": false
        },
        {
          "PrincipalSID": "DOMAIN1.LOCAL-S-1-5-9",
          "PrincipalType": "Group",
          "RightName": "GetChanges",
          "IsInherited": false
        },
        {
          "PrincipalSID": "DOMAIN1.LOCAL-S-1-5-9",
          "PrincipalType": "Group",
          "RightName": "GetChangesInFilteredSet",
          "IsInherited": false
        },
        {
          "PrincipalSID": "DOMAIN1.LOCAL-S-1-5-32-544",
          "PrincipalType": "Group",
          "RightName": "GetChangesInFilteredSet",
          "IsInherited": false
        },
        {
          "PrincipalSID": "DOMAIN1.LOCAL-S-1-5-32-544",
          "PrincipalType": "Group",
          "RightName": "GetChangesAll",
          "IsInherited": false
        },
        {
          "PrincipalSID": "DOMAIN1.LOCAL-S-1-5-32-544",
          "PrincipalType": "Group",
          "RightName": "GetChanges",
          "IsInherited": false
        },
        {
          "PrincipalSID": "S-1-5-21-1940134870-3096912709-3221846354-498",
          "PrincipalType": "Group",
          "RightName": "GetChanges",
          "IsInherited": false
        },
        {
          "PrincipalSID": "S-1-5-21-1940134870-3096912709-3221846354-516",
          "PrincipalType": "Group",
          "RightName": "GetChangesAll",
          "IsInherited": false
        },
        {
          "PrincipalSID": "S-1-5-21-1940134870-3096912709-3221846354-2123",
          "PrincipalType": "Group",
          "RightName": "GetChanges",
          "IsInherited": false
        },
        {
          "PrincipalSID": "S-1-5-21-1940134870-3096912709-3221846354-2123",
          "PrincipalType": "Group",
          "RightName": "GetChangesAll",
          "IsInherited": false
        },
        {
          "PrincipalSID": "S-1-5-21-1940134870-3096912709-3221846354-2208",
          "PrincipalType": "Group",
          "RightName": "GetChangesAll",
          "IsInherited": false
        },
        {
          "PrincipalSID": "S-1-5-21-1940134870-3096912709-3221846354-2209",
          "PrincipalType": "Group",
          "RightName": "GetChanges",
          "IsInherited": false
        }
      ],
      "ObjectIdentifier": "S-1-5-21-1940134870-3096912709-3221846354",
      "IsDeleted": false,
      "IsACLProtected": false,
      "ContainedBy": null
    }
  ],
  "meta": {
    "methods": 521215,
    "type": "domains",
    "count": 1,
    "version": 6
  }
}