{
  "data": [
    {
      "Properties": {
        "domain": "DOMAIN2.LOCAL",
        "name": "KRBTGT@DOMAIN2.LOCAL",
        "distinguishedname": "CN=KRBTGT,CN=USERS,DC=DOMAIN2,DC=LOCAL",
        "domainsid": "S-1-5-21-4148504411-878201850-2093980476",
        "samaccountname": "krbtgt",
        "isaclprotected": true,
        "description": "Key Distribution Center Service Account",
        "whencreated": 1656555700,
        "sensitive": false,
        "dontreqpreauth": false,
        "passwordnotreqd": false,
        "unconstraineddelegation": false,
        "pwdneverexpires": false,
        "enabled": false,
        "trustedtoauth": false,
        "lastlogon": 0,
        "lastlogontimestamp": -1,
        "pwdlastset": 1656580901,
        "serviceprincipalnames": [
          "kadmin/HST_D36AFF"
        ],
        "hasspn": true,
        "displayname": null,
        "email": null,
        "title": null,
        "homedirectory": null,
        "userpassword": null,
        "unixpassword": null,
        "unicodepassword": null,
        "sfupassword": null,
        "logonscript": null,
        "admincount": true,
        "sidhistory": []
      },
      "AllowedToDelegate": [],
      "PrimaryGroupSID": "S-1-5-21-2845847946-3451170323-4261139666-513",
      "HasSIDHistory": [],
      "SPNTargets": [],
      "Aces": [
        {
          "PrincipalSID": "S-1-5-21-4148504411-878201850-2093980476-512",
          "PrincipalType": "Group",
          "RightName": "Owns",
          "IsInherited": false
        },
        {
          "PrincipalSID": "DOMAIN2.LOCAL-S-1-5-32-544",
          "PrincipalType": "Group",
          "RightName": "WriteDacl",
          "IsInherited": false
        },
        {
          "PrincipalSID": "DOMAIN2.LOCAL-S-1-5-32-544",
          "PrincipalType": "Group",
          "RightName": "WriteOwner",
          "IsInherited": false
        },
        {
          "PrincipalSID": "DOMAIN2.LOCAL-S-1-5-32-544",
          "PrincipalType": "Group",
          "RightName": "AllExtendedRights",
          "IsInherited": false
        },
        {
          "PrincipalSID": "DOMAIN2.LOCAL-S-1-5-32-544",
          "PrincipalType": "Group",
          "RightName": "GenericWrite",
          "IsInherited": false
        },
        {
          "PrincipalSID": "S-1-5-21-1940134870-3096912709-3221846354-519",
          "PrincipalType": "Group",
          "RightName": "WriteDacl",
          "IsInherited": false
        },
        {
          "PrincipalSID": "S-1-5-21-1940134870-3096912709-3221846354-519",
          "PrincipalType": "Group",
          "RightName": "WriteOwner",
          "IsInherited": false
        },
        {
          "PrincipalSID": "S-1-5-21-1940134870-3096912709-3221846354-519",
          "PrincipalType": "Group",
          "RightName": "AllExtendedRights",
          "IsInherited": false
        },
        {
          "PrincipalSID": "S-1-5-21-1940134870-3096912709-3221846354-519",
          "PrincipalType": "Group",
          "RightName": "GenericWrite",
          "IsInherited": false
        },
        {
          "PrincipalSID": "S-1-5-21-4148504411-878201850-2093980476-512",
          "PrincipalType": "Group",
          "RightName": "WriteDacl",
          "IsInherited": false
        },
        {
          "PrincipalSID": "S-1-5-21-4148504411-878201850-2093980476-512",
          "PrincipalType": "Group",
          "RightName": "WriteOwner",
          "IsInherited": false
        },
        {
          "PrincipalSID": "S-1-5-21-4148504411-878201850-2093980476-512",
          "PrincipalType": "Group",
          "RightName": "AllExtendedRights",
          "IsInherited": false
        },
        {
          "PrincipalSID": "S-1-5-21-4148504411-878201850-2093980476-512",
          "PrincipalType": "Group",
          "RightName": "GenericWrite",
          "IsInherited": false
        }
      ],
      "ObjectIdentifier": "S-1-5-21-4148504411-878201850-2093980476-502",
      "IsDeleted": false,
      "IsACLProtected": true,
      "ContainedBy": {
        "ObjectIdentifier": "442C9960-4EF6-4100-B617-7DF9E0DF43A5",
        "ObjectType": "Container"
      }
    },
    {
      "Properties": {
        "domain": "DOMAIN2.LOCAL",
        "name": "USER_7DCAB74E@DOMAIN2.LOCAL",
        "distinguishedname": "CN=USER_7DCAB74E,CN=USERS,DC=DOMAIN2,DC=LOCAL",
        "domainsid": "S-1-5-21-4148504411-878201850-2093980476",
        "samaccountname": "USR_7DCAB74E",
        "isaclprotected": true,
        "description": null,
        "whencreated": 1702884393,
        "sensitive": false,
        "dontreqpreauth": false,
        "passwordnotreqd": false,
        "unconstraineddelegation": false,
        "pwdneverexpires": true,
        "enabled": true,
        "trustedtoauth": false,
        "lastlogon": 1702916615,
        "lastlogontimestamp": 1702913370,
        "pwdlastset": 1702913193,
        "serviceprincipalnames": [],
        "hasspn": false,
        "displayname": "Display_7DCAB74E",
        "email": null,
        "title": null,
        "homedirectory": null,
        "userpassword": null,
        "unixpassword": null,
        "unicodepassword": null,
        "sfupassword": null,
        "logonscript": null,
        "admincount": true,
        "sidhistory": []
      },
      "AllowedToDelegate": [],
      "PrimaryGroupSID": "S-1-5-21-2845847946-3451170323-4261139666-513",
      "HasSIDHistory": [],
      "SPNTargets": [],
      "Aces": [
        {
          "PrincipalSID": "S-1-5-21-4148504411-878201850-2093980476-512",
          "PrincipalType": "Group",
          "RightName": "Owns",
          "IsInherited": false
        },
        {
          "PrincipalSID": "DOMAIN2.LOCAL-S-1-5-32-544",
          "PrincipalType": "Group",
          "RightName": "WriteDacl",
          "IsInherited": false
        },
        {
          "PrincipalSID": "DOMAIN2.LOCAL-S-1-5-32-544",
          "PrincipalType": "Group",
          "RightName": "WriteOwner",
          "IsInherited": false
        },
        {
          "PrincipalSID": "DOMAIN2.LOCAL-S-1-5-32-544",
          "PrincipalType": "Group",
          "RightName": "AllExtendedRights",
          "IsInherited": false
        },
        {
          "PrincipalSID": "DOMAIN2.LOCAL-S-1-5-32-544",
          "PrincipalType": "Group",
          "RightName": "GenericWrite",
          "IsInherited": false
        },
        {
          "PrincipalSID": "S-1-5-21-1940134870-3096912709-3221846354-519",
          "PrincipalType": "Group",
          "RightName": "WriteDacl",
          "IsInherited": false
        },
        {
          "PrincipalSID": "S-1-5-21-1940134870-3096912709-3221846354-519",
          "PrincipalType": "Group",
          "RightName": "WriteOwner",
          "IsInherited": false
        },
        {
          "PrincipalSID": "S-1-5-21-1940134870-3096912709-3221846354-519",
          "PrincipalType": "Group",
          "RightName": "AllExtendedRights",
          "IsInherited": false
        },
        {
          "PrincipalSID": "S-1-5-21-1940134870-3096912709-3221846354-519",
          "PrincipalType": "Group",
          "RightName": "GenericWrite",
          "IsInherited": false
        },
        {
          "PrincipalSID": "S-1-5-21-4148504411-878201850-2093980476-512",
          "PrincipalType": "Group",
          "RightName": "WriteDacl",
          "IsInherited": false
        },
        {
          "PrincipalSID": "S-1-5-21-4148504411-878201850-2093980476-512",
          "PrincipalType": "Group",
          "RightName": "WriteOwner",
          "IsInherited": false
        },
        {
          "PrincipalSID": "S-1-5-21-4148504411-878201850-2093980476-512",
          "PrincipalType": "Group",
          "RightName": "AllExtendedRights",
          "IsInherited": false
        },
        {
          "PrincipalSID": "S-1-5-21-4148504411-878201850-2093980476-512",
          "PrincipalType": "Group",
          "RightName": "GenericWrite",
          "IsInherited": false
        }
      ],
      "ObjectIdentifier": "S-1-5-21-4148504411-878201850-2093980476-1104",
      "IsDeleted": false,
      "IsACLProtected": true,
      "ContainedBy": {
        "ObjectIdentifier": "442C9960-4EF6-4100-B617-7DF9E0DF43A5",
        "ObjectType": "Container"
      }
    },
    {
      "Properties": {
        "domain": "DOMAIN2.LOCAL",
        "name": "ADMINISTRATOR@DOMAIN2.LOCAL",
        "distinguishedname": "CN=ADMINISTRATOR,CN=USERS,DC=DOMAIN2,DC=LOCAL",
        "domainsid": "S-1-5-21-4148504411-878201850-2093980476",
        "samaccountname": "Administrator",
        "isaclprotected": true,
        "description": "Built-in account for administering the computer/domain",
        "whencreated": 1656555664,
        "sensitive": false,
        "dontreqpreauth": false,
        "passwordnotreqd": false,
        "unconstraineddelegation": false,
        "pwdneverexpires": true,
        "enabled": true,
        "trustedtoauth": false,
        "lastlogon": 1702913193,
        "lastlogontimestamp": 1702913054,
        "pwdlastset": 1674763808,
        "serviceprincipalnames": [],
        "hasspn": false,
        "displayname": null,
        "email": null,
        "title": null,
        "homedirectory": null,
        "userpassword": null,
        "unixpassword": null,
        "unicodepassword": null,
        "sfupassword": null,
        "logonscript": null,
        "admincount": true,
        "sidhistory": []
      },
      "AllowedToDelegate": [],
      "PrimaryGroupSID": "S-1-5-21-2845847946-3451170323-4261139666-513",
      "HasSIDHistory": [],
      "SPNTargets": [],
      "Aces": [
        {
          "PrincipalSID": "S-1-5-21-4148504411-878201850-2093980476-512",
          "PrincipalType": "Group",
          "RightName": "Owns",
          "IsInherited": false
        },
        {
          "PrincipalSID": "DOMAIN2.LOCAL-S-1-5-32-544",
          "PrincipalType": "Group",
          "RightName": "WriteDacl",
          "IsInherited": false
        },
        {
          "PrincipalSID": "DOMAIN2.LOCAL-S-1-5-32-544",
          "PrincipalType": "Group",
          "RightName": "WriteOwner",
          "IsInherited": false
        },
        {
          "PrincipalSID": "DOMAIN2.LOCAL-S-1-5-32-544",
          "PrincipalType": "Group",
          "RightName": "AllExtendedRights",
          "IsInherited": false
        },
        {
          "PrincipalSID": "DOMAIN2.LOCAL-S-1-5-32-544",
          "PrincipalType": "Group",
          "RightName": "GenericWrite",
          "IsInherited": false
        },
        {
          "PrincipalSID": "S-1-5-21-1940134870-3096912709-3221846354-519",
          "PrincipalType": "Group",
          "RightName": "WriteDacl",
          "IsInherited": false
        },
        {
          "PrincipalSID": "S-1-5-21-1940134870-3096912709-3221846354-519",
          "PrincipalType": "Group",
          "RightName": "WriteOwner",
          "IsInherited": false
        },
        {
          "PrincipalSID": "S-1-5-21-1940134870-3096912709-3221846354-519",
          "PrincipalType": "Group",
          "RightName": "AllExtendedRights",
          "IsInherited": false
        },
        {
          "PrincipalSID": "S-1-5-21-1940134870-3096912709-3221846354-519",
          "PrincipalType": "Group",
          "RightName": "GenericWrite",
          "IsInherited": false
        },
        {
          "PrincipalSID": "S-1-5-21-4148504411-878201850-2093980476-512",
          "PrincipalType": "Group",
          "RightName": "WriteDacl",
          "IsInherited": false
        },
        {
          "PrincipalSID": "S-1-5-21-4148504411-878201850-2093980476-512",
          "PrincipalType": "Group",
          "RightName": "WriteOwner",
          "IsInherited": false
        },
        {
          "PrincipalSID": "S-1-5-21-4148504411-878201850-2093980476-512",
          "PrincipalType": "Group",
          "RightName": "AllExtendedRights",
          "IsInherited": false
        },
        {
          "PrincipalSID": "S-1-5-21-4148504411-878201850-2093980476-512",
          "PrincipalType": "Group",
          "RightName": "GenericWrite",
          "IsInherited": false
        }
      ],
      "ObjectIdentifier": "S-1-5-21-4148504411-878201850-2093980476-500",
      "IsDeleted": false,
      "IsACLProtected": true,
      "ContainedBy": {
        "ObjectIdentifier": "442C9960-4EF6-4100-B617-7DF9E0DF43A5",
        "ObjectType": "Container"
      }
    },
    {
      "Properties": {
        "domain": "DOMAIN2.LOCAL",
        "name": "GUEST@DOMAIN2.LOCAL",
        "distinguishedname": "CN=GUEST,CN=USERS,DC=DOMAIN2,DC=LOCAL",
        "domainsid": "S-1-5-21-4148504411-878201850-2093980476",
        "samaccountname": "Guest",
        "isaclprotected": false,
        "description": "Built-in account for guest access to the computer/domain",
        "whencreated": 1656555664,
        "sensitive": false,
        "dontreqpreauth": false,
        "passwordnotreqd": true,
        "unconstraineddelegation": false,
        "pwdneverexpires": true,
        "enabled": false,
        "trustedtoauth": false,
        "lastlogon": 0,
        "lastlogontimestamp": -1,
        "pwdlastset": 0,
        "serviceprincipalnames": [],
        "hasspn": false,
        "displayname": null,
        "email": null,
        "title": null,
        "homedirectory": null,
        "userpassword": null,
        "unixpassword": null,
        "unicodepassword": null,
        "sfupassword": null,
        "logonscript": null,
        "admincount": false,
        "sidhistory": []
      },
      "AllowedToDelegate": [],
      "PrimaryGroupSID": "S-1-5-21-2845847946-3451170323-4261139666-514",
      "HasSIDHistory": [],
      "SPNTargets": [],
      "Aces": [
        {
          "PrincipalSID": "DOMAIN2.LOCAL-S-1-5-32-544",
          "PrincipalType": "Group",
          "RightName": "Owns",
          "IsInherited": false
        },
        {
          "PrincipalSID": "DOMAIN2.LOCAL-S-1-5-32-548",
          "PrincipalType": "Group",
          "RightName": "GenericAll",
          "IsInherited": false
        },
        {
          "PrincipalSID": "S-1-5-21-4148504411-878201850-2093980476-512",
          "PrincipalType": "Group",
          "RightName": "GenericAll",
          "IsInherited": false
        },
        {
          "PrincipalSID": "S-1-5-21-1940134870-3096912709-3221846354-527",
          "PrincipalType": "Group",
          "RightName": "AddKeyCredentialLink",
          "IsInherited": true
        },
        {
          "PrincipalSID": "S-1-5-21-4148504411-878201850-2093980476-526",
          "PrincipalType": "Base",
          "RightName": "AddKeyCredentialLink",
          "IsInherited": true
        },
        {
          "PrincipalSID": "S-1-5-21-1940134870-3096912709-3221846354-519",
          "PrincipalType": "Group",
          "RightName": "GenericAll",
          "IsInherited": true
        },
        {
          "PrincipalSID": "DOMAIN2.LOCAL-S-1-5-32-544",
          "PrincipalType": "Group",
          "RightName": "WriteDacl",
          "IsInherited": true
        },
        {
          "PrincipalSID": "DOMAIN2.LOCAL-S-1-5-32-544",
          "PrincipalType": "Group",
          "RightName": "WriteOwner",
          "IsInherited": true
        },
        {
          "PrincipalSID": "DOMAIN2.LOCAL-S-1-5-32-544",
          "PrincipalType": "Group",
          "RightName": "AllExtendedRights",
          "IsInherited": true
        },
        {
          "PrincipalSID": "DOMAIN2.LOCAL-S-1-5-32-544",
          "PrincipalType": "Group",
          "RightName": "GenericWrite",
          "IsInherited": true
        }
      ],
      "ObjectIdentifier": "S-1-5-21-4148504411-878201850-2093980476-501",
      "IsDeleted": false,
      "IsACLProtected": false,
      "ContainedBy": {
        "ObjectIdentifier": "442C9960-4EF6-4100-B617-7DF9E0DF43A5",
        "ObjectType": "Container"
      }
    },
    {
      "Properties": {
        "name": "USER_E38F48BD@DOMAIN2.LOCAL",
        "domainsid": "S-1-5-21-4148504411-878201850-2093980476",
        "domain": "DOMAIN2.LOCAL",
        "reconcile": false
      },
      "AllowedToDelegate": [],
      "PrimaryGroupSID": null,
      "HasSIDHistory": [],
      "SPNTargets": [],
      "Aces": [],
      "ObjectIdentifier": "DOMAIN2.LOCAL-S-1-5-20",
      "IsDeleted": false,
      "IsACLProtected": false,
      "ContainedBy": null
    },
    {
      "Properties": {
        "domain": "DOMAIN2.LOCAL",
        "name": "USER_1F4BF3E9@DOMAIN2.LOCAL",
        "distinguishedname": "CN=USER_1F4BF3E9,CN=USERS,DC=DOMAIN2,DC=LOCAL",
        "domainsid": "S-1-5-21-4148504411-878201850-2093980476",
        "samaccountname": "USR_1F4BF3E9",
        "isaclprotected": true,
        "description": null,
        "whencreated": 1107163853,
        "sensitive": false,
        "dontreqpreauth": false,
        "passwordnotreqd": false,
        "unconstraineddelegation": false,
        "pwdneverexpires": true,
        "enabled": false,
        "trustedtoauth": false,
        "lastlogon": 1352620493,
        "lastlogontimestamp": 1352620493,
        "pwdlastset": 1294408493,
        "serviceprincipalnames": [],
        "hasspn": false,
        "displayname": "Display_1F4BF3E9",
        "email": null,
        "title": null,
        "homedirectory": null,
        "userpassword": null,
        "unixpassword": null,
        "unicodepassword": null,
        "sfupassword": null,
        "logonscript": null,
        "admincount": true,
        "sidhistory": []
      },
      "AllowedToDelegate": [],
      "PrimaryGroupSID": "S-1-5-21-2845847946-3451170323-4261139666-513",
      "HasSIDHistory": [],
      "SPNTargets": [],
      "Aces": [
        {
          "PrincipalSID": "S-1-5-21-4148504411-878201850-2093980476-512",
          "PrincipalType": "Group",
          "RightName": "Owns",
          "IsInherited": false
        },
        {
          "PrincipalSID": "DOMAIN2.LOCAL-S-1-5-32-544",
          "PrincipalType": "Group",
          "RightName": "WriteDacl",
          "IsInherited": false
        },
        {
          "PrincipalSID": "DOMAIN2.LOCAL-S-1-5-32-544",
          "PrincipalType": "Group",
          "RightName": "WriteOwner",
          "IsInherited": false
        },
        {
          "PrincipalSID": "DOMAIN2.LOCAL-S-1-5-32-544",
          "PrincipalType": "Group",
          "RightName": "AllExtendedRights",
          "IsInherited": false
        },
        {
          "PrincipalSID": "DOMAIN2.LOCAL-S-1-5-32-544",
          "PrincipalType": "Group",
          "RightName": "GenericWrite",
          "IsInherited": false
        },
        {
          "PrincipalSID": "S-1-5-21-1940134870-3096912709-3221846354-519",
          "PrincipalType": "Group",
          "RightName": "WriteDacl",
          "IsInherited": false
        },
        {
          "PrincipalSID": "S-1-5-21-1940134870-3096912709-3221846354-519",
          "PrincipalType": "Group",
          "RightName": "WriteOwner",
          "IsInherited": false
        },
        {
          "PrincipalSID": "S-1-5-21-1940134870-3096912709-3221846354-519",
          "PrincipalType": "Group",
          "RightName": "AllExtendedRights",
          "IsInherited": false
        },
        {
          "PrincipalSID": "S-1-5-21-1940134870-3096912709-3221846354-519",
          "PrincipalType": "Group",
          "RightName": "GenericWrite",
          "IsInherited": false
        },
        {
          "PrincipalSID": "S-1-5-21-4148504411-878201850-2093980476-512",
          "PrincipalType": "Group",
          "RightName": "WriteDacl",
          "IsInherited": false
        },
        {
          "PrincipalSID": "S-1-5-21-4148504411-878201850-2093980476-512",
          "PrincipalType": "Group",
          "RightName": "WriteOwner",
          "IsInherited": false
        },
        {
          "PrincipalSID": "S-1-5-21-4148504411-878201850-2093980476-512",
          "PrincipalType": "Group",
          "RightName": "AllExtendedRights",
          "IsInherited": false
        },
        {
          "PrincipalSID": "S-1-5-21-4148504411-878201850-2093980476-512",
          "PrincipalType": "Group",
          "RightName": "GenericWrite",
          "IsInherited": false
        }
      ],
      "ObjectIdentifier": "S-1-5-21-4148504411-878201850-2093980476-1105",
      "IsDeleted": false,
      "IsACLProtected": true,
      "ContainedBy": {
        "ObjectIdentifier": "442C9960-4EF6-4100-B617-7DF9E0DF43A5",
        "ObjectType": "Container"
      }
    },
    {
      "Properties": {
        "domain": "DOMAIN2.LOCAL",
        "name": "USER_F4A7BB72@DOMAIN2.LOCAL",
        "distinguishedname": "CN=USER_F4A7BB72,CN=USERS,DC=DOMAIN2,DC=LOCAL",
        "domainsid": "S-1-5-21-4148504411-878201850-2093980476",
        "samaccountname": "USR_F4A7BB72",
        "isaclprotected": true,
        "description": null,
        "whencreated": 1107164693,
        "sensitive": false,
        "dontreqpreauth": false,
        "passwordnotreqd": false,
        "unconstraineddelegation": false,
        "pwdneverexpires": true,
        "enabled": false,
        "trustedtoauth": false,
        "lastlogon": 1221657838,
        "lastlogontimestamp": 1221657838,
        "pwdlastset": 1117877458,
        "serviceprincipalnames": [],
        "hasspn": false,
        "displayname": "Display_F4A7BB72",
        "email": null,
        "title": null,
        "homedirectory": null,
        "userpassword": null,
        "unixpassword": null,
        "unicodepassword": null,
        "sfupassword": null,
        "logonscript": null,
        "admincount": true,
        "sidhistory": []
      },
      "AllowedToDelegate": [],
      "PrimaryGroupSID": "S-1-5-21-2845847946-3451170323-4261139666-513",
      "HasSIDHistory": [],
      "SPNTargets": [],
      "Aces": [
        {
          "PrincipalSID": "S-1-5-21-4148504411-878201850-2093980476-512",
          "PrincipalType": "Group",
          "RightName": "Owns",
          "IsInherited": false
        },
        {
          "PrincipalSID": "DOMAIN2.LOCAL-S-1-5-32-544",
          "PrincipalType": "Group",
          "RightName": "WriteDacl",
          "IsInherited": false
        },
        {
          "PrincipalSID": "DOMAIN2.LOCAL-S-1-5-32-544",
          "PrincipalType": "Group",
          "RightName": "WriteOwner",
          "IsInherited": false
        },
        {
          "PrincipalSID": "DOMAIN2.LOCAL-S-1-5-32-544",
          "PrincipalType": "Group",
          "RightName": "AllExtendedRights",
          "IsInherited": false
        },
        {
          "PrincipalSID": "DOMAIN2.LOCAL-S-1-5-32-544",
          "PrincipalType": "Group",
          "RightName": "GenericWrite",
          "IsInherited": false
        },
        {
          "PrincipalSID": "S-1-5-21-1940134870-3096912709-3221846354-519",
          "PrincipalType": "Group",
          "RightName": "WriteDacl",
          "IsInherited": false
        },
        {
          "PrincipalSID": "S-1-5-21-1940134870-3096912709-3221846354-519",
          "PrincipalType": "Group",
          "RightName": "WriteOwner",
          "IsInherited": false
        },
        {
          "PrincipalSID": "S-1-5-21-1940134870-3096912709-3221846354-519",
          "PrincipalType": "Group",
          "RightName": "AllExtendedRights",
          "IsInherited": false
        },
        {
          "PrincipalSID": "S-1-5-21-1940134870-3096912709-3221846354-519",
          "PrincipalType": "Group",
          "RightName": "GenericWrite",
          "IsInherited": false
        },
        {
          "PrincipalSID": "S-1-5-21-4148504411-878201850-2093980476-512",
          "PrincipalType": "Group",
          "RightName": "WriteDacl",
          "IsInherited": false
        },
        {
          "PrincipalSID": "S-1-5-21-4148504411-878201850-2093980476-512",
          "PrincipalType": "Group",
          "RightName": "WriteOwner",
          "IsInherited": false
        },
        {
          "PrincipalSID": "S-1-5-21-4148504411-878201850-2093980476-512",
          "PrincipalType": "Group",
          "RightName": "AllExtendedRights",
          "IsInherited": false
        },
        {
          "PrincipalSID": "S-1-5-21-4148504411-878201850-2093980476-512",
          "PrincipalType": "Group",
          "RightName": "GenericWrite",
          "IsInherited": false
        }
      ],
      "ObjectIdentifier": "S-1-5-21-4148504411-878201850-2093980476-1106",
      "IsDeleted": false,
      "IsACLProtected": true,
      "ContainedBy": {
        "ObjectIdentifier": "442C9960-4EF6-4100-B617-7DF9E0DF43A5",
        "ObjectType": "Container"
      }
    }
  ],
  "meta": {
    "methods": 521215,
    "type": "users",
    "count": 7,
    "version": 6
  }
}