{
  "data": [
    {
      "Properties": {
        "domain": "DOMAIN4.LOCAL",
        "name": "GPO_C2E5907F@DOMAIN4.LOCAL",
        "distinguishedname": "CN={1445E6C6-06B9-4D59-A0D9-347F6961B230},CN=POLICIES,CN=SYSTEM,DC=DOMAIN4,DC=LOCAL",
        "domainsid": "S-1-5-21-1809690782-1515124380-3839109947",
        "isaclprotected": true,
        "description": null,
        "whencreated": 1694236181,
        "gpcpath": "\\\\DOMAIN4.LOCAL\\SYSVOL\\DOMAIN4.LOCAL\\POLICIES\\{1445E6C6-06B9-4D59-A0D9-347F6961B230}"
      },
      "Aces": [
        {
          "PrincipalSID": "S-1-5-21-1809690782-1515124380-3839109947-512",
          "PrincipalType": "Group",
          "RightName": "Owns",
          "IsInherited": false
        },
        {
          "PrincipalSID": "S-1-5-21-1809690782-1515124380-3839109947-512",
          "PrincipalType": "Group",
          "RightName": "WriteDacl",
          "IsInherited": false
        },
        {
          "PrincipalSID": "S-1-5-21-1809690782-1515124380-3839109947-512",
          "PrincipalType": "Group",
          "RightName": "WriteOwner",
          "IsInherited": false
        },
        {
          "PrincipalSID": "S-1-5-21-1809690782-1515124380-3839109947-512",
          "PrincipalType": "Group",
          "RightName": "GenericWrite",
          "IsInherited": false
        },
        {
          "PrincipalSID": "S-1-5-21-1809690782-1515124380-3839109947-519",
          "PrincipalType": "Group",
          "RightName": "WriteDacl",
          "IsInherited": false
        },
        {
          "PrincipalSID": "S-1-5-21-1809690782-1515124380-3839109947-519",
          "PrincipalType": "Group",
          "RightName": "WriteOwner",
          "IsInherited": false
        },
        {
          "PrincipalSID": "S-1-5-21-1809690782-1515124380-3839109947-519",
          "PrincipalType": "Group",
          "RightName": "GenericWrite",
          "IsInherited": false
        }
      ],
      "ObjectIdentifier": "328E0AA3-6A3C-420C-A076-4CDABA4A970C",
      "IsDeleted": false,
      "IsACLProtected": true,
      "ContainedBy": null
    },
    {
      "Properties": {
        "domain": "DOMAIN4.LOCAL",
        "name": "DEFAULT DOMAIN POLICY@DOMAIN4.LOCAL",
        "distinguishedname": "CN={B8842F4B-DA13-4294-9808-BEE3E76117C6},CN=POLICIES,CN=SYSTEM,DC=DOMAIN4,DC=LOCAL",
        "domainsid": "S-1-5-21-1809690782-1515124380-3839109947",
        "isaclprotected": true,
        "description": null,
        "whencreated": 1668394808,
        "gpcpath": "\\\\DOMAIN4.LOCAL\\SYSVOL\\DOMAIN4.LOCAL\\POLICIES\\{B8842F4B-DA13-4294-9808-BEE3E76117C6}"
      },
      "Aces": [
        {
          "PrincipalSID": "S-1-5-21-1809690782-1515124380-3839109947-512",
          "PrincipalType": "Group",
          "RightName": "Owns",
          "IsInherited": false
        },
        {
          "PrincipalSID": "S-1-5-21-1809690782-1515124380-3839109947-512",
          "PrincipalType": "Group",
          "RightName": "WriteDacl",
          "IsInherited": false
        },
        {
          "PrincipalSID": "S-1-5-21-1809690782-1515124380-3839109947-512",
          "PrincipalType": "Group",
          "RightName": "WriteOwner",
          "IsInherited": false
        },
        {
          "PrincipalSID": "S-1-5-21-1809690782-1515124380-3839109947-512",
          "PrincipalType": "Group",
          "RightName": "GenericWrite",
          "IsInherited": false
        },
        {
          "PrincipalSID": "S-1-5-21-1809690782-1515124380-3839109947-512",
          "PrincipalType": "Group",
          "RightName": "WriteDacl",
          "IsInherited": false
        },
        {
          "PrincipalSID": "S-1-5-21-1809690782-1515124380-3839109947-512",
          "PrincipalType": "Group",
          "RightName": "WriteOwner",
          "IsInherited": false
        },
        {
          "PrincipalSID": "S-1-5-21-1809690782-1515124380-3839109947-512",
          "PrincipalType": "Group",
          "RightName": "GenericWrite",
          "IsInherited": false
        },
        {
          "PrincipalSID": "S-1-5-21-1809690782-1515124380-3839109947-519",
          "PrincipalType": "Group",
          "RightName": "WriteDacl",
          "IsInherited": false
        },
        {
          "PrincipalSID": "S-1-5-21-1809690782-1515124380-3839109947-519",
          "PrincipalType": "Group",
          "RightName": "WriteOwner",
          "IsInherited": false
        },
        {
          "PrincipalSID": "S-1-5-21-1809690782-1515124380-3839109947-519",
          "PrincipalType": "Group",
          "RightName": "GenericWrite",
          "IsInherited": false
        }
      ],
      "ObjectIdentifier": "B669AA52-7D1F-4833-8A93-79C4BDF6FE6C",
      "IsDeleted": false,
      "IsACLProtected": true,
      "ContainedBy": null
    },
    {
      "Properties": {
        "domain": "DOMAIN4.LOCAL",
        "name": "GPO_721300F7@DOMAIN4.LOCAL",
        "distinguishedname": "CN={2C5F3DDB-1567-4160-A071-180F6436C0B6},CN=POLICIES,CN=SYSTEM,DC=DOMAIN4,DC=LOCAL",
        "domainsid": "S-1-5-21-1809690782-1515124380-3839109947",
        "isaclprotected": true,
        "description": null,
        "whencreated": 1707282667,
        "gpcpath": "\\\\DOMAIN4.LOCAL\\SYSVOL\\DOMAIN4.LOCAL\\POLICIES\\{2C5F3DDB-1567-4160-A071-180F6436C0B6}"
      },
      "Aces": [
        {
          "PrincipalSID": "S-1-5-21-1809690782-1515124380-3839109947-512",
          "PrincipalType": "Group",
          "RightName": "Owns",
          "IsInherited": false
        },
        {
          "PrincipalSID": "S-1-5-21-1809690782-1515124380-3839109947-512",
          "PrincipalType": "Group",
          "RightName": "WriteDacl",
          "IsInherited": false
        },
        {
          "PrincipalSID": "S-1-5-21-1809690782-1515124380-3839109947-512",
          "PrincipalType": "Group",
          "RightName": "WriteOwner",
          "IsInherited": false
        },
        {
          "PrincipalSID": "S-1-5-21-1809690782-1515124380-3839109947-512",
          "PrincipalType": "Group",
          "RightName": "GenericWrite",
          "IsInherited": false
        },
        {
          "PrincipalSID": "S-1-5-21-1809690782-1515124380-3839109947-519",
          "PrincipalType": "Group",
          "RightName": "WriteDacl",
          "IsInherited": false
        },
        {
          "PrincipalSID": "S-1-5-21-1809690782-1515124380-3839109947-519",
          "PrincipalType": "Group",
          "RightName": "WriteOwner",
          "IsInherited": false
        },
        {
          "PrincipalSID": "S-1-5-21-1809690782-1515124380-3839109947-519",
          "PrincipalType": "Group",
          "RightName": "GenericWrite",
          "IsInherited": false
        }
      ],
      "ObjectIdentifier": "24369CDA-EC76-46D5-8E7A-DD8DC6F79695",
      "IsDeleted": false,
      "IsACLProtected": true,
      "ContainedBy": null
    },
    {
      "Properties": {
        "domain": "DOMAIN4.LOCAL",
        "name": "GPO_DB3FBF54@DOMAIN4.LOCAL",
        "distinguishedname": "CN={C074FCE6-A285-4A81-B30B-73FCB3865B07},CN=POLICIES,CN=SYSTEM,DC=DOMAIN4,DC=LOCAL",
        "domainsid": "S-1-5-21-1809690782-1515124380-3839109947",
        "isaclprotected": true,
        "description": null,
        "whencreated": 1683440810,
        "gpcpath": "\\\\DOMAIN4.LOCAL\\SYSVOL\\DOMAIN4.LOCAL\\POLICIES\\{C074FCE6-A285-4A81-B30B-73FCB3865B07}"
      },
      "Aces": [
        {
          "PrincipalSID": "S-1-5-21-1809690782-1515124380-3839109947-512",
          "PrincipalType": "Group",
          "RightName": "Owns",
          "IsInherited": false
        },
        {
          "PrincipalSID": "S-1-5-21-1809690782-1515124380-3839109947-512",
          "PrincipalType": "Group",
          "RightName": "WriteDacl",
          "IsInherited": false
        },
        {
          "PrincipalSID": "S-1-5-21-1809690782-1515124380-3839109947-512",
          "PrincipalType": "Group",
          "RightName": "WriteOwner",
          "IsInherited": false
        },
        {
          "PrincipalSID": "S-1-5-21-1809690782-1515124380-3839109947-512",
          "PrincipalType": "Group",
          "RightName": "GenericWrite",
          "IsInherited": false
        },
        {
          "PrincipalSID": "S-1-5-21-1809690782-1515124380-3839109947-519",
          "PrincipalType": "Group",
          "RightName": "WriteDacl",
          "IsInherited": false
        },
        {
          "PrincipalSID": "S-1-5-21-1809690782-1515124380-3839109947-519",
          "PrincipalType": "Group",
          "RightName": "WriteOwner",
          "IsInherited": false
        },
        {
          "PrincipalSID": "S-1-5-21-1809690782-1515124380-3839109947-519",
          "PrincipalType": "Group",
          "RightName": "GenericWrite",
          "IsInherited": false
        }
      ],
      "ObjectIdentifier": "B12D8802-85FE-4229-9C0F-D370F5FC9C70",
      "IsDeleted": false,
      "IsACLProtected": true,
      "ContainedBy": null
    },
    {
      "Properties": {
        "domain": "DOMAIN4.LOCAL",
        "name": "GPO_58434D96@DOMAIN4.LOCAL",
        "distinguishedname": "CN={899E8434-8B67-4C99-8623-806AFE6E3DE5},CN=POLICIES,CN=SYSTEM,DC=DOMAIN4,DC=LOCAL",
        "domainsid": "S-1-5-21-1809690782-1515124380-3839109947",
        "isaclprotected": true,
        "description": null,
        "whencreated": 1669123179,
        "gpcpath": "\\\\DOMAIN4.LOCAL\\SYSVOL\\DOMAIN4.LOCAL\\POLICIES\\{899E8434-8B67-4C99-8623-806AFE6E3DE5}"
      },
      "Aces": [
        {
          "PrincipalSID": "S-1-5-21-1809690782-1515124380-3839109947-512",
          "PrincipalType": "Group",
          "RightName": "Owns",
          "IsInherited": false
        },
        {
          "PrincipalSID": "S-1-5-21-1809690782-1515124380-3839109947-512",
          "PrincipalType": "Group",
          "RightName": "WriteDacl",
          "IsInherited": false
        },
        {
          "PrincipalSID": "S-1-5-21-1809690782-1515124380-3839109947-512",
          "PrincipalType": "Group",
          "RightName": "WriteOwner",
          "IsInherited": false
        },
        {
          "PrincipalSID": "S-1-5-21-1809690782-1515124380-3839109947-512",
          "PrincipalType": "Group",
          "RightName": "GenericWrite",
          "IsInherited": false
        },
        {
          "PrincipalSID": "S-1-5-21-1809690782-1515124380-3839109947-519",
          "PrincipalType": "Group",
          "RightName": "WriteDacl",
          "IsInherited": false
        },
        {
          "PrincipalSID": "S-1-5-21-1809690782-1515124380-3839109947-519",
          "PrincipalType": "Group",
          "RightName": "WriteOwner",
          "IsInherited": false
        },
        {
          "PrincipalSID": "S-1-5-21-1809690782-1515124380-3839109947-519",
          "PrincipalType": "Group",
          "RightName": "GenericWrite",
          "IsInherited": false
        }
      ],
      "ObjectIdentifier": "D93C0F40-740B-4C90-8AF1-132B86210382",
      "IsDeleted": false,
      "IsACLProtected": true,
      "ContainedBy": null
    },
    {
      "Properties": {
        "domain": "DOMAIN4.LOCAL",
        "name": "DEFAULT DOMAIN CONTROLLERS POLICY@DOMAIN4.LOCAL",
        "distinguishedname": "CN={2F3DD875-4516-48D3-95E0-86C7081CC601},CN=POLICIES,CN=SYSTEM,DC=DOMAIN4,DC=LOCAL",
        "domainsid": "S-1-5-21-1809690782-1515124380-3839109947",
        "isaclprotected": true,
        "description": null,
        "whencreated": 1668394808,
        "gpcpath": "\\\\DOMAIN4.LOCAL\\SYSVOL\\DOMAIN4.LOCAL\\POLICIES\\{2F3DD875-4516-48D3-95E0-86C7081CC601}"
      },
      "Aces": [
        {
          "PrincipalSID": "S-1-5-21-1809690782-1515124380-3839109947-512",
          "PrincipalType": "Group",
          "RightName": "Owns",
          "IsInherited": false
        },
        {
          "PrincipalSID": "S-1-5-21-1809690782-1515124380-3839109947-512",
          "PrincipalType": "Group",
          "RightName": "WriteDacl",
          "IsInherited": false
        },
        {
          "PrincipalSID": "S-1-5-21-1809690782-1515124380-3839109947-512",
          "PrincipalType": "Group",
          "RightName": "WriteOwner",
          "IsInherited": false
        },
        {
          "PrincipalSID": "S-1-5-21-1809690782-1515124380-3839109947-512",
          "PrincipalType": "Group",
          "RightName": "GenericWrite",
          "IsInherited": false
        },
        {
          "PrincipalSID": "S-1-5-21-1809690782-1515124380-3839109947-512",
          "PrincipalType": "Group",
          "RightName": "WriteDacl",
          "IsInherited": false
        },
        {
          "PrincipalSID": "S-1-5-21-1809690782-1515124380-3839109947-512",
          "PrincipalType": "Group",
          "RightName": "WriteOwner",
          "IsInherited": false
        },
        {
          "PrincipalSID": "S-1-5-21-1809690782-1515124380-3839109947-512",
          "PrincipalType": "Group",
          "RightName": "GenericWrite",
          "IsInherited": false
        },
        {
          "PrincipalSID": "S-1-5-21-1809690782-1515124380-3839109947-519",
          "PrincipalType": "Group",
          "RightName": "WriteDacl",
          "IsInherited": false
        },
        {
          "PrincipalSID": "S-1-5-21-1809690782-1515124380-3839109947-519",
          "PrincipalType": "Group",
          "RightName": "WriteOwner",
          "IsInherited": false
        },
        {
          "PrincipalSID": "S-1-5-21-1809690782-1515124380-3839109947-519",
          "PrincipalType": "Group",
          "RightName": "GenericWrite",
          "IsInherited": false
        }
      ],
      "ObjectIdentifier": "21963681-DAD7-4BA3-BBC2-C36A21B5C76B",
      "IsDeleted": false,
      "IsACLProtected": true,
      "ContainedBy": null
    },
    {
      "Properties": {
        "domain": "DOMAIN4.LOCAL",
        "name": "GPO_2F027FB8@DOMAIN4.LOCAL",
        "distinguishedname": "CN={079039E4-0E08-4927-94EA-37FE1FFFB169},CN=POLICIES,CN=SYSTEM,DC=DOMAIN4,DC=LOCAL",
        "domainsid": "S-1-5-21-1809690782-1515124380-3839109947",
        "isaclprotected": true,
        "description": null,
        "whencreated": 1684555433,
        "gpcpath": "\\\\DOMAIN4.LOCAL\\SYSVOL\\DOMAIN4.LOCAL\\POLICIES\\{079039E4-0E08-4927-94EA-37FE1FFFB169}"
      },
      "Aces": [
        {
          "PrincipalSID": "S-1-5-21-1809690782-1515124380-3839109947-512",
          "PrincipalType": "Group",
          "RightName": "Owns",
          "IsInherited": false
        },
        {
          "PrincipalSID": "S-1-5-21-1809690782-1515124380-3839109947-512",
          "PrincipalType": "Group",
          "RightName": "WriteDacl",
          "IsInherited": false
        },
        {
          "PrincipalSID": "S-1-5-21-1809690782-1515124380-3839109947-512",
          "PrincipalType": "Group",
          "RightName": "WriteOwner",
          "IsInherited": false
        },
        {
          "PrincipalSID": "S-1-5-21-1809690782-1515124380-3839109947-512",
          "PrincipalType": "Group",
          "RightName": "GenericWrite",
          "IsInherited": false
        },
        {
          "PrincipalSID": "S-1-5-21-1809690782-1515124380-3839109947-519",
          "PrincipalType": "Group",
          "RightName": "WriteDacl",
          "IsInherited": false
        },
        {
          "PrincipalSID": "S-1-5-21-1809690782-1515124380-3839109947-519",
          "PrincipalType": "Group",
          "RightName": "WriteOwner",
          "IsInherited": false
        },
        {
          "PrincipalSID": "S-1-5-21-1809690782-1515124380-3839109947-519",
          "PrincipalType": "Group",
          "RightName": "GenericWrite",
          "IsInherited": false
        }
      ],
      "ObjectIdentifier": "B37E24E8-9C5B-432E-A078-DDE595E36C8A",
      "IsDeleted": false,
      "IsACLProtected": true,
      "ContainedBy": null
    }
  ],
  "meta": {
    "methods": 521215,
    "type": "gpos",
    "count": 7,
    "version": 6
  }
}