{
  "data": [
    {
      "GPOChanges": {
        "LocalAdmins": [],
        "RemoteDesktopUsers": [],
        "DcomUsers": [],
        "PSRemoteUsers": [],
        "AffectedComputers": []
      },
      "Properties": {
        "domain": "DOMAIN2.LOCAL",
        "name": "DOMAIN CONTROLLERS@DOMAIN2.LOCAL",
        "distinguishedname": "OU=DOMAIN CONTROLLERS,DC=DOMAIN2,DC=LOCAL",
        "domainsid": "S-1-5-21-675990846-1476227994-1483135188",
        "isaclprotected": false,
        "description": "Default container for domain controllers",
        "whencreated": 1656555664,
        "blocksinheritance": false
      },
      "Links": [
        {
          "IsEnforced": false,
          "GUID": "F612DF66-A9C3-44CC-BDAA-DE3B00560B6B"
        }
      ],
      "ChildObjects": [],
      "Aces": [
        {
          "PrincipalSID": "S-1-5-21-675990846-1476227994-1483135188-512",
          "PrincipalType": "Group",
          "RightName": "Owns",
          "IsInherited": false
        },
        {
          "PrincipalSID": "S-1-5-21-675990846-1476227994-1483135188-512",
          "PrincipalType": "Group",
          "RightName": "WriteDacl",
          "IsInherited": false
        },
        {
          "PrincipalSID": "S-1-5-21-675990846-1476227994-1483135188-512",
          "PrincipalType": "Group",
          "RightName": "WriteOwner",
          "IsInherited": false
        },
        {
          "PrincipalSID": "S-1-5-21-3354139931-896117953-3418065721-519",
          "PrincipalType": "Group",
          "RightName": "GenericAll",
          "IsInherited": true
        },
        {
          "PrincipalSID": "DOMAIN2.LOCAL-S-1-5-32-544",
          "PrincipalType": "Group",
          "RightName": "WriteDacl",
          "IsInherited": true
        },
        {
          "PrincipalSID": "DOMAIN2.LOCAL-S-1-5-32-544",
          "PrincipalType": "Group",
          "RightName": "WriteOwner",
          "IsInherited": true
        }
      ],
      "ObjectIdentifier": "97303109-BB01-41B5-A1D8-551C4CA58CE0",
      "IsDeleted": false,
      "IsACLProtected": false,
      "ContainedBy": {
        "ObjectIdentifier": "S-1-5-21-675990846-1476227994-1483135188",
        "ObjectType": "Domain"
      }
    }
  ],
  "meta": {
    "methods": 521215,
    "type": "ous",
    "count": 1,
    "version": 6
  }
}