{
  "data": [
    {
      "Properties": {
        "domain": "DOMAIN4.LOCAL",
        "name": "CA_F887EEF1@DOMAIN4.LOCAL",
        "distinguishedname": "CN=CA_F887EEF1,CN=ENROLLMENT SERVICES,CN=PUBLIC KEY SERVICES,CN=SERVICES,CN=CONFIGURATION,DC=DOMAIN4,DC=LOCAL",
        "domainsid": "S-1-5-21-3371459185-1406607600-1583401892",
        "isaclprotected": false,
        "description": null,
        "whencreated": 1683819999,
        "flags": "SUPPORTS_NT_AUTHENTICATION, CA_SERVERTYPE_ADVANCED",
        "caname": "ca_f887eef1",
        "dnshostname": "hst_afd008.domain4.local",
        "certthumbprint": "640303B6A32960347F1C7F7D5A845042942E0B70",
        "certname": "640303B6A32960347F1C7F7D5A845042942E0B70",
        "certchain": [
          "640303B6A32960347F1C7F7D5A845042942E0B70"
        ],
        "hasbasicconstraints": false,
        "basicconstraintpathlength": 0,
        "casecuritycollected": true,
        "enrollmentagentrestrictionscollected": true,
        "isuserspecifiessanenabledcollected": true
      },
      "HostingComputer": "S-1-5-21-3371459185-1406607600-1583401892-1120",
      "CARegistryData": {
        "CASecurity": {
          "Data": [
            {
              "PrincipalSID": "S-1-5-21-3702535222-3822678775-2090119576-1120-544",
              "PrincipalType": "LocalGroup",
              "RightName": "Owns",
              "IsInherited": false
            },
            {
              "PrincipalSID": "DOMAIN4.LOCAL-S-1-5-11",
              "PrincipalType": "Group",
              "RightName": "Enroll",
              "IsInherited": false
            },
            {
              "PrincipalSID": "S-1-5-21-3702535222-3822678775-2090119576-1120-544",
              "PrincipalType": "LocalGroup",
              "RightName": "ManageCA",
              "IsInherited": false
            },
            {
              "PrincipalSID": "S-1-5-21-3702535222-3822678775-2090119576-1120-544",
              "PrincipalType": "LocalGroup",
              "RightName": "ManageCertificates",
              "IsInherited": false
            },
            {
              "PrincipalSID": "S-1-5-21-3371459185-1406607600-1583401892-501",
              "PrincipalType": "User",
              "RightName": "ManageCA",
              "IsInherited": false
            },
            {
              "PrincipalSID": "S-1-5-21-3371459185-1406607600-1583401892-501",
              "PrincipalType": "User",
              "RightName": "Enroll",
              "IsInherited": false
            },
            {
              "PrincipalSID": "S-1-5-21-3371459185-1406607600-1583401892-512",
              "PrincipalType": "Group",
              "RightName": "ManageCA",
              "IsInherited": false
            },
            {
              "PrincipalSID": "S-1-5-21-3371459185-1406607600-1583401892-512",
              "PrincipalType": "Group",
              "RightName": "ManageCertificates",
              "IsInherited": false
            },
            {
              "PrincipalSID": "S-1-5-21-3371459185-1406607600-1583401892-519",
              "PrincipalType": "Group",
              "RightName": "ManageCA",
              "IsInherited": false
            },
            {
              "PrincipalSID": "S-1-5-21-3371459185-1406607600-1583401892-519",
              "PrincipalType": "Group",
              "RightName": "ManageCertificates",
              "IsInherited": false
            },
            {
              "PrincipalSID": "S-1-5-21-3702535222-3822678775-2090119576-1120-1000",
              "PrincipalType": "LocalGroup",
              "RightName": "ManageCA",
              "IsInherited": false
            },
            {
              "PrincipalSID": "S-1-5-21-3702535222-3822678775-2090119576-1120-1000",
              "PrincipalType": "LocalGroup",
              "RightName": "Enroll",
              "IsInherited": false
            }
          ],
          "Collected": true,
          "FailureReason": null
        },
        "EnrollmentAgentRestrictions": {
          "Restrictions": [
            {
              "AccessType": "AccessDeniedCallback",
              "Agent": {
                "ObjectIdentifier": "S-1-5-21-3702535222-3822678775-2090119576-513",
                "ObjectType": "Group"
              },
              "Targets": [
                {
                  "ObjectIdentifier": "S-1-5-21-3702535222-3822678775-2090119576-513",
                  "ObjectType": "Group"
                }
              ],
              "Template": {
                "ObjectIdentifier": "ADFC73B7-BEA7-4FC3-A16A-D8A141B7C16B",
                "ObjectType": "CertTemplate"
              },
              "AllTemplates": false
            },
            {
              "AccessType": "AccessAllowedCallback",
              "Agent": {
                "ObjectIdentifier": "S-1-5-21-3702535222-3822678775-2090119576-513",
                "ObjectType": "Group"
              },
              "Targets": [
                {
                  "ObjectIdentifier": "S-1-5-21-3702535222-3822678775-2090119576-513",
                  "ObjectType": "Group"
                },
                {
                  "ObjectIdentifier": "S-1-5-21-3702535222-3822678775-2090119576-513",
                  "ObjectType": "Group"
                },
                {
                  "ObjectIdentifier": "S-1-5-21-3702535222-3822678775-2090119576-513",
                  "ObjectType": "Group"
                }
              ],
              "Template": {
                "ObjectIdentifier": "ADFC73B7-BEA7-4FC3-A16A-D8A141B7C16B",
                "ObjectType": "CertTemplate"
              },
              "AllTemplates": false
            },
            {
              "AccessType": "AccessAllowedCallback",
              "Agent": {
                "ObjectIdentifier": "S-1-5-21-3702535222-3822678775-2090119576-513",
                "ObjectType": "Group"
              },
              "Targets": [
                {
                  "ObjectIdentifier": "S-1-5-21-3702535222-3822678775-2090119576-513",
                  "ObjectType": "Group"
                }
              ],
              "Template": null,
              "AllTemplates": true
            },
            {
              "AccessType": "AccessAllowedCallback",
              "Agent": {
                "ObjectIdentifier": "WRAITH.CORP-S-1-1-0",
                "ObjectType": "Group"
              },
              "Targets": [
                {
                  "ObjectIdentifier": "WRAITH.CORP-S-1-1-0",
                  "ObjectType": "Group"
                }
              ],
              "Template": null,
              "AllTemplates": true
            },
            {
              "AccessType": "AccessAllowedCallback",
              "Agent": {
                "ObjectIdentifier": "S-1-5-21-3702535222-3822678775-2090119576-1120-548",
                "ObjectType": "LocalGroup"
              },
              "Targets": [
                {
                  "ObjectIdentifier": "S-1-5-21-3702535222-3822678775-2090119576-1120-548",
                  "ObjectType": "LocalGroup"
                }
              ],
              "Template": null,
              "AllTemplates": true
            },
            {
              "AccessType": "AccessAllowedCallback",
              "Agent": {
                "ObjectIdentifier": "S-1-5-21-3702535222-3822678775-2090119576-1120-544",
                "ObjectType": "LocalGroup"
              },
              "Targets": [
                {
                  "ObjectIdentifier": "S-1-5-21-3702535222-3822678775-2090119576-1120-544",
                  "ObjectType": "LocalGroup"
                },
                {
                  "ObjectIdentifier": "S-1-5-21-3702535222-3822678775-2090119576-1120-544",
                  "ObjectType": "LocalGroup"
                }
              ],
              "Template": null,
              "AllTemplates": true
            },
            {
              "AccessType": "AccessAllowedCallback",
              "Agent": {
                "ObjectIdentifier": "S-1-5-21-3702535222-3822678775-2090119576-1120-1000",
                "ObjectType": "LocalGroup"
              },
              "Targets": [
                {
                  "ObjectIdentifier": "S-1-5-21-3702535222-3822678775-2090119576-1120-1000",
                  "ObjectType": "LocalGroup"
                }
              ],
              "Template": null,
              "AllTemplates": true
            }
          ],
          "Collected": true,
          "FailureReason": null
        },
        "IsUserSpecifiesSanEnabled": {
          "Value": false,
          "Collected": true,
          "FailureReason": null
        }
      },
      "EnabledCertTemplates": [
        {
          "ObjectIdentifier": "E2F97165-475B-449E-AC16-1FF2704669D2",
          "ObjectType": "CertTemplate"
        },
        {
          "ObjectIdentifier": "7D6C4B38-A2FC-4C4A-90EC-75727DC1B3A4",
          "ObjectType": "CertTemplate"
        },
        {
          "ObjectIdentifier": "126437D5-2B73-4D2E-B09C-92B9C6394A83",
          "ObjectType": "CertTemplate"
        },
        {
          "ObjectIdentifier": "EF493776-C2EE-4A33-AC04-EEC6E56DE807",
          "ObjectType": "CertTemplate"
        },
        {
          "ObjectIdentifier": "D0C2FF8A-9B65-4387-B7E9-723288AC35B1",
          "ObjectType": "CertTemplate"
        },
        {
          "ObjectIdentifier": "1F7280BC-441E-4A52-8B83-D8EFF19AC5C4",
          "ObjectType": "CertTemplate"
        },
        {
          "ObjectIdentifier": "7798833E-34DE-474F-B81C-F8BEB58D2D86",
          "ObjectType": "CertTemplate"
        },
        {
          "ObjectIdentifier": "B6DA1EA8-C58F-4063-9139-AB5CE04F1DFA",
          "ObjectType": "CertTemplate"
        },
        {
          "ObjectIdentifier": "C5AB88D8-D8EB-4BB4-BF2B-B06C9E413CBB",
          "ObjectType": "CertTemplate"
        },
        {
          "ObjectIdentifier": "60A73A85-925D-4E22-A03E-BDF49CCC5248",
          "ObjectType": "CertTemplate"
        },
        {
          "ObjectIdentifier": "D1233DD4-4BC8-4636-9564-F3093E21435F",
          "ObjectType": "CertTemplate"
        },
        {
          "ObjectIdentifier": "5E9DBC66-8203-4720-A786-DA9075E581E8",
          "ObjectType": "CertTemplate"
        },
        {
          "ObjectIdentifier": "0863E838-C8E8-4418-AE81-03F3A80601D6",
          "ObjectType": "CertTemplate"
        },
        {
          "ObjectIdentifier": "3F085901-1656-4FF2-A7D4-E9661BCACDA4",
          "ObjectType": "CertTemplate"
        },
        {
          "ObjectIdentifier": "5529B4DE-BF3C-4C74-B2A7-D147C3E163A8",
          "ObjectType": "CertTemplate"
        },
        {
          "ObjectIdentifier": "3AEC4E69-0B71-4B35-A697-2F79DC6EA80A",
          "ObjectType": "CertTemplate"
        },
        {
          "ObjectIdentifier": "7D4BD951-199D-47BA-A9BC-6E214FD254EC",
          "ObjectType": "CertTemplate"
        },
        {
          "ObjectIdentifier": "017E6649-1377-4AAC-B0AC-123879C09894",
          "ObjectType": "CertTemplate"
        },
        {
          "ObjectIdentifier": "E8B55D64-5033-4065-A8E5-D70BD3219B11",
          "ObjectType": "CertTemplate"
        },
        {
          "ObjectIdentifier": "077452D1-D59F-4E9D-93A3-F4BD70AA56A1",
          "ObjectType": "CertTemplate"
        },
        {
          "ObjectIdentifier": "CF5C24B8-BFE0-4A46-B16E-37DB67A807FA",
          "ObjectType": "CertTemplate"
        }
      ],
      "Aces": [
        {
          "PrincipalSID": "S-1-5-21-3371459185-1406607600-1583401892-519",
          "PrincipalType": "Group",
          "RightName": "Owns",
          "IsInherited": false
        },
        {
          "PrincipalSID": "S-1-5-21-3371459185-1406607600-1583401892-519",
          "PrincipalType": "Group",
          "RightName": "WriteDacl",
          "IsInherited": false
        },
        {
          "PrincipalSID": "S-1-5-21-3371459185-1406607600-1583401892-519",
          "PrincipalType": "Group",
          "RightName": "WriteOwner",
          "IsInherited": false
        },
        {
          "PrincipalSID": "S-1-5-21-3371459185-1406607600-1583401892-519",
          "PrincipalType": "Group",
          "RightName": "ManageCA",
          "IsInherited": false
        },
        {
          "PrincipalSID": "S-1-5-21-3371459185-1406607600-1583401892-519",
          "PrincipalType": "Group",
          "RightName": "ManageCertificates",
          "IsInherited": false
        },
        {
          "PrincipalSID": "S-1-5-21-3371459185-1406607600-1583401892-1120",
          "PrincipalType": "Computer",
          "RightName": "WriteDacl",
          "IsInherited": false
        },
        {
          "PrincipalSID": "S-1-5-21-3371459185-1406607600-1583401892-1120",
          "PrincipalType": "Computer",
          "RightName": "WriteOwner",
          "IsInherited": false
        },
        {
          "PrincipalSID": "S-1-5-21-3371459185-1406607600-1583401892-1120",
          "PrincipalType": "Computer",
          "RightName": "ManageCA",
          "IsInherited": false
        },
        {
          "PrincipalSID": "S-1-5-21-3371459185-1406607600-1583401892-1120",
          "PrincipalType": "Computer",
          "RightName": "ManageCertificates",
          "IsInherited": false
        },
        {
          "PrincipalSID": "DOMAIN4.LOCAL-S-1-5-11",
          "PrincipalType": "Group",
          "RightName": "Enroll",
          "IsInherited": false
        },
        {
          "PrincipalSID": "S-1-5-21-3371459185-1406607600-1583401892-501",
          "PrincipalType": "User",
          "RightName": "Enroll",
          "IsInherited": false
        },
        {
          "PrincipalSID": "S-1-5-21-3412659772-118304308-420925701-1000",
          "PrincipalType": "Base",
          "RightName": "Enroll",
          "IsInherited": false
        },
        {
          "PrincipalSID": "S-1-5-21-3371459185-1406607600-1583401892-519",
          "PrincipalType": "Group",
          "RightName": "GenericAll",
          "IsInherited": true
        },
        {
          "PrincipalSID": "S-1-5-21-3371459185-1406607600-1583401892-512",
          "PrincipalType": "Group",
          "RightName": "WriteDacl",
          "IsInherited": true
        },
        {
          "PrincipalSID": "S-1-5-21-3371459185-1406607600-1583401892-512",
          "PrincipalType": "Group",
          "RightName": "WriteOwner",
          "IsInherited": true
        },
        {
          "PrincipalSID": "S-1-5-21-3371459185-1406607600-1583401892-512",
          "PrincipalType": "Group",
          "RightName": "ManageCA",
          "IsInherited": true
        }
      ],
      "ObjectIdentifier": "AAD34A89-DE9F-486F-A016-920686E6561D",
      "IsDeleted": false,
      "IsACLProtected": false,
      "ContainedBy": {
        "ObjectIdentifier": "414C7190-44C4-43E5-A34E-3E8DF44FE34B",
        "ObjectType": "Container"
      }
    },
    {
      "Properties": {
        "domain": "DOMAIN4.LOCAL",
        "name": "CA_9F3438B5@DOMAIN4.LOCAL",
        "distinguishedname": "CN=CA_9F3438B5,CN=ENROLLMENT SERVICES,CN=PUBLIC KEY SERVICES,CN=SERVICES,CN=CONFIGURATION,DC=DOMAIN4,DC=LOCAL",
        "domainsid": "S-1-5-21-3371459185-1406607600-1583401892",
        "isaclprotected": false,
        "description": null,
        "whencreated": 1699345952,
        "flags": "SUPPORTS_NT_AUTHENTICATION, CA_SERVERTYPE_ADVANCED",
        "caname": "ca_9f3438b5",
        "dnshostname": "hst_5da918.domain4.local",
        "certthumbprint": "77570968A89C7D264E633FE2F7E47B1AD8751B64",
        "certname": "77570968A89C7D264E633FE2F7E47B1AD8751B64",
        "certchain": [
          "77570968A89C7D264E633FE2F7E47B1AD8751B64",
          "640303B6A32960347F1C7F7D5A845042942E0B70"
        ],
        "hasbasicconstraints": false,
        "basicconstraintpathlength": 0,
        "casecuritycollected": false,
        "enrollmentagentrestrictionscollected": false,
        "isuserspecifiessanenabledcollected": false
      },
      "HostingComputer": "S-1-5-21-3371459185-1406607600-1583401892-1169",
      "CARegistryData": {
        "CASecurity": {
          "Data": [],
          "Collected": false,
          "FailureReason": "Target machine was not found or not connectable"
        },
        "EnrollmentAgentRestrictions": {
          "Restrictions": [],
          "Collected": false,
          "FailureReason": "Target machine was not found or not connectable"
        },
        "IsUserSpecifiesSanEnabled": {
          "Value": false,
          "Collected": false,
          "FailureReason": "Target machine was not found or not connectable"
        }
      },
      "EnabledCertTemplates": [
        {
          "ObjectIdentifier": "D1233DD4-4BC8-4636-9564-F3093E21435F",
          "ObjectType": "CertTemplate"
        },
        {
          "ObjectIdentifier": "5E9DBC66-8203-4720-A786-DA9075E581E8",
          "ObjectType": "CertTemplate"
        },
        {
          "ObjectIdentifier": "0863E838-C8E8-4418-AE81-03F3A80601D6",
          "ObjectType": "CertTemplate"
        },
        {
          "ObjectIdentifier": "3F085901-1656-4FF2-A7D4-E9661BCACDA4",
          "ObjectType": "CertTemplate"
        },
        {
          "ObjectIdentifier": "5529B4DE-BF3C-4C74-B2A7-D147C3E163A8",
          "ObjectType": "CertTemplate"
        },
        {
          "ObjectIdentifier": "3AEC4E69-0B71-4B35-A697-2F79DC6EA80A",
          "ObjectType": "CertTemplate"
        },
        {
          "ObjectIdentifier": "7D4BD951-199D-47BA-A9BC-6E214FD254EC",
          "ObjectType": "CertTemplate"
        },
        {
          "ObjectIdentifier": "017E6649-1377-4AAC-B0AC-123879C09894",
          "ObjectType": "CertTemplate"
        },
        {
          "ObjectIdentifier": "E8B55D64-5033-4065-A8E5-D70BD3219B11",
          "ObjectType": "CertTemplate"
        },
        {
          "ObjectIdentifier": "077452D1-D59F-4E9D-93A3-F4BD70AA56A1",
          "ObjectType": "CertTemplate"
        },
        {
          "ObjectIdentifier": "CF5C24B8-BFE0-4A46-B16E-37DB67A807FA",
          "ObjectType": "CertTemplate"
        }
      ],
      "Aces": [
        {
          "PrincipalSID": "S-1-5-21-3371459185-1406607600-1583401892-519",
          "PrincipalType": "Group",
          "RightName": "Owns",
          "IsInherited": false
        },
        {
          "PrincipalSID": "S-1-5-21-3371459185-1406607600-1583401892-519",
          "PrincipalType": "Group",
          "RightName": "WriteDacl",
          "IsInherited": false
        },
        {
          "PrincipalSID": "S-1-5-21-3371459185-1406607600-1583401892-519",
          "PrincipalType": "Group",
          "RightName": "WriteOwner",
          "IsInherited": false
        },
        {
          "PrincipalSID": "S-1-5-21-3371459185-1406607600-1583401892-519",
          "PrincipalType": "Group",
          "RightName": "ManageCA",
          "IsInherited": false
        },
        {
          "PrincipalSID": "S-1-5-21-3371459185-1406607600-1583401892-519",
          "PrincipalType": "Group",
          "RightName": "ManageCertificates",
          "IsInherited": false
        },
        {
          "PrincipalSID": "S-1-5-21-3371459185-1406607600-1583401892-1169",
          "PrincipalType": "Computer",
          "RightName": "WriteDacl",
          "IsInherited": false
        },
        {
          "PrincipalSID": "S-1-5-21-3371459185-1406607600-1583401892-1169",
          "PrincipalType": "Computer",
          "RightName": "WriteOwner",
          "IsInherited": false
        },
        {
          "PrincipalSID": "S-1-5-21-3371459185-1406607600-1583401892-1169",
          "PrincipalType": "Computer",
          "RightName": "ManageCA",
          "IsInherited": false
        },
        {
          "PrincipalSID": "S-1-5-21-3371459185-1406607600-1583401892-1169",
          "PrincipalType": "Computer",
          "RightName": "ManageCertificates",
          "IsInherited": false
        },
        {
          "PrincipalSID": "DOMAIN4.LOCAL-S-1-5-11",
          "PrincipalType": "Group",
          "RightName": "Enroll",
          "IsInherited": false
        },
        {
          "PrincipalSID": "S-1-5-21-3371459185-1406607600-1583401892-519",
          "PrincipalType": "Group",
          "RightName": "GenericAll",
          "IsInherited": true
        },
        {
          "PrincipalSID": "S-1-5-21-3371459185-1406607600-1583401892-512",
          "PrincipalType": "Group",
          "RightName": "WriteDacl",
          "IsInherited": true
        },
        {
          "PrincipalSID": "S-1-5-21-3371459185-1406607600-1583401892-512",
          "PrincipalType": "Group",
          "RightName": "WriteOwner",
          "IsInherited": true
        },
        {
          "PrincipalSID": "S-1-5-21-3371459185-1406607600-1583401892-512",
          "PrincipalType": "Group",
          "RightName": "ManageCA",
          "IsInherited": true
        }
      ],
      "ObjectIdentifier": "16B3B0C1-6354-486E-BB47-F453BF9E13C2",
      "IsDeleted": false,
      "IsACLProtected": false,
      "ContainedBy": {
        "ObjectIdentifier": "414C7190-44C4-43E5-A34E-3E8DF44FE34B",
        "ObjectType": "Container"
      }
    }
  ],
  "meta": {
    "methods": 521215,
    "type": "enterprisecas",
    "count": 2,
    "version": 6
  }
}