{
  "data": [
    {
      "Properties": {
        "domain": "DOMAIN2.LOCAL",
        "name": "KRBTGT@DOMAIN2.LOCAL",
        "distinguishedname": "CN=KRBTGT,CN=USERS,DC=DOMAIN2,DC=LOCAL",
        "domainsid": "S-1-5-21-675990846-1476227994-1483135188",
        "samaccountname": "krbtgt",
        "isaclprotected": true,
        "description": "Key Distribution Center Service Account",
        "whencreated": 1656555700,
        "sensitive": false,
        "dontreqpreauth": false,
        "passwordnotreqd": false,
        "unconstraineddelegation": false,
        "pwdneverexpires": false,
        "enabled": false,
        "trustedtoauth": false,
        "lastlogon": 0,
        "lastlogontimestamp": -1,
        "pwdlastset": 1656580901,
        "serviceprincipalnames": [
          "kadmin/HST_E27A2C"
        ],
        "hasspn": true,
        "displayname": null,
        "email": null,
        "title": null,
        "homedirectory": null,
        "userpassword": null,
        "unixpassword": null,
        "unicodepassword": null,
        "sfupassword": null,
        "logonscript": null,
        "admincount": true,
        "sidhistory": []
      },
      "AllowedToDelegate": [],
      "PrimaryGroupSID": "S-1-5-21-2845847946-3451170323-4261139666-513",
      "HasSIDHistory": [],
      "SPNTargets": [],
      "Aces": [
        {
          "PrincipalSID": "S-1-5-21-675990846-1476227994-1483135188-512",
          "PrincipalType": "Group",
          "RightName": "Owns",
          "IsInherited": false
        },
        {
          "PrincipalSID": "DOMAIN2.LOCAL-S-1-5-32-544",
          "PrincipalType": "Group",
          "RightName": "WriteDacl",
          "IsInherited": false
        },
        {
          "PrincipalSID": "DOMAIN2.LOCAL-S-1-5-32-544",
          "PrincipalType": "Group",
          "RightName": "WriteOwner",
          "IsInherited": false
        },
        {
          "PrincipalSID": "DOMAIN2.LOCAL-S-1-5-32-544",
          "PrincipalType": "Group",
          "RightName": "AllExtendedRights",
          "IsInherited": false
        },
        {
          "PrincipalSID": "DOMAIN2.LOCAL-S-1-5-32-544",
          "PrincipalType": "Group",
          "RightName": "GenericWrite",
          "IsInherited": false
        },
        {
          "PrincipalSID": "S-1-5-21-3354139931-896117953-3418065721-519",
          "PrincipalType": "Group",
          "RightName": "WriteDacl",
          "IsInherited": false
        },
        {
          "PrincipalSID": "S-1-5-21-3354139931-896117953-3418065721-519",
          "PrincipalType": "Group",
          "RightName": "WriteOwner",
          "IsInherited": false
        },
        {
          "PrincipalSID": "S-1-5-21-3354139931-896117953-3418065721-519",
          "PrincipalType": "Group",
          "RightName": "AllExtendedRights",
          "IsInherited": false
        },
        {
          "PrincipalSID": "S-1-5-21-3354139931-896117953-3418065721-519",
          "PrincipalType": "Group",
          "RightName": "GenericWrite",
          "IsInherited": false
        },
        {
          "PrincipalSID": "S-1-5-21-675990846-1476227994-1483135188-512",
          "PrincipalType": "Group",
          "RightName": "WriteDacl",
          "IsInherited": false
        },
        {
          "PrincipalSID": "S-1-5-21-675990846-1476227994-1483135188-512",
          "PrincipalType": "Group",
          "RightName": "WriteOwner",
          "IsInherited": false
        },
        {
          "PrincipalSID": "S-1-5-21-675990846-1476227994-1483135188-512",
          "PrincipalType": "Group",
          "RightName": "AllExtendedRights",
          "IsInherited": false
        },
        {
          "PrincipalSID": "S-1-5-21-675990846-1476227994-1483135188-512",
          "PrincipalType": "Group",
          "RightName": "GenericWrite",
          "IsInherited": false
        }
      ],
      "ObjectIdentifier": "S-1-5-21-675990846-1476227994-1483135188-502",
      "IsDeleted": false,
      "IsACLProtected": true,
      "ContainedBy": {
        "ObjectIdentifier": "E6D1BDF7-630C-4281-8021-CD4DDB5BA18C",
        "ObjectType": "Container"
      }
    },
    {
      "Properties": {
        "domain": "DOMAIN2.LOCAL",
        "name": "USER_6AF483B2@DOMAIN2.LOCAL",
        "distinguishedname": "CN=USER_6AF483B2,CN=USERS,DC=DOMAIN2,DC=LOCAL",
        "domainsid": "S-1-5-21-675990846-1476227994-1483135188",
        "samaccountname": "USR_6AF483B2",
        "isaclprotected": true,
        "description": null,
        "whencreated": 1702884393,
        "sensitive": false,
        "dontreqpreauth": false,
        "passwordnotreqd": false,
        "unconstraineddelegation": false,
        "pwdneverexpires": true,
        "enabled": true,
        "trustedtoauth": false,
        "lastlogon": 1702916615,
        "lastlogontimestamp": 1702913370,
        "pwdlastset": 1702913193,
        "serviceprincipalnames": [],
        "hasspn": false,
        "displayname": "Display_6AF483B2",
        "email": null,
        "title": null,
        "homedirectory": null,
        "userpassword": null,
        "unixpassword": null,
        "unicodepassword": null,
        "sfupassword": null,
        "logonscript": null,
        "admincount": true,
        "sidhistory": []
      },
      "AllowedToDelegate": [],
      "PrimaryGroupSID": "S-1-5-21-2845847946-3451170323-4261139666-513",
      "HasSIDHistory": [],
      "SPNTargets": [],
      "Aces": [
        {
          "PrincipalSID": "S-1-5-21-675990846-1476227994-1483135188-512",
          "PrincipalType": "Group",
          "RightName": "Owns",
          "IsInherited": false
        },
        {
          "PrincipalSID": "DOMAIN2.LOCAL-S-1-5-32-544",
          "PrincipalType": "Group",
          "RightName": "WriteDacl",
          "IsInherited": false
        },
        {
          "PrincipalSID": "DOMAIN2.LOCAL-S-1-5-32-544",
          "PrincipalType": "Group",
          "RightName": "WriteOwner",
          "IsInherited": false
        },
        {
          "PrincipalSID": "DOMAIN2.LOCAL-S-1-5-32-544",
          "PrincipalType": "Group",
          "RightName": "AllExtendedRights",
          "IsInherited": false
        },
        {
          "PrincipalSID": "DOMAIN2.LOCAL-S-1-5-32-544",
          "PrincipalType": "Group",
          "RightName": "GenericWrite",
          "IsInherited": false
        },
        {
          "PrincipalSID": "S-1-5-21-3354139931-896117953-3418065721-519",
          "PrincipalType": "Group",
          "RightName": "WriteDacl",
          "IsInherited": false
        },
        {
          "PrincipalSID": "S-1-5-21-3354139931-896117953-3418065721-519",
          "PrincipalType": "Group",
          "RightName": "WriteOwner",
          "IsInherited": false
        },
        {
          "PrincipalSID": "S-1-5-21-3354139931-896117953-3418065721-519",
          "PrincipalType": "Group",
          "RightName": "AllExtendedRights",
          "IsInherited": false
        },
        {
          "PrincipalSID": "S-1-5-21-3354139931-896117953-3418065721-519",
          "PrincipalType": "Group",
          "RightName": "GenericWrite",
          "IsInherited": false
        },
        {
          "PrincipalSID": "S-1-5-21-675990846-1476227994-1483135188-512",
          "PrincipalType": "Group",
          "RightName": "WriteDacl",
          "IsInherited": false
        },
        {
          "PrincipalSID": "S-1-5-21-675990846-1476227994-1483135188-512",
          "PrincipalType": "Group",
          "RightName": "WriteOwner",
          "IsInherited": false
        },
        {
          "PrincipalSID": "S-1-5-21-675990846-1476227994-1483135188-512",
          "PrincipalType": "Group",
          "RightName": "AllExtendedRights",
          "IsInherited": false
        },
        {
          "PrincipalSID": "S-1-5-21-675990846-1476227994-1483135188-512",
          "PrincipalType": "Group",
          "RightName": "GenericWrite",
          "IsInherited": false
        }
      ],
      "ObjectIdentifier": "S-1-5-21-675990846-1476227994-1483135188-1104",
      "IsDeleted": false,
      "IsACLProtected": true,
      "ContainedBy": {
        "ObjectIdentifier": "E6D1BDF7-630C-4281-8021-CD4DDB5BA18C",
        "ObjectType": "Container"
      }
    },
    {
      "Properties": {
        "domain": "DOMAIN2.LOCAL",
        "name": "ADMINISTRATOR@DOMAIN2.LOCAL",
        "distinguishedname": "CN=ADMINISTRATOR,CN=USERS,DC=DOMAIN2,DC=LOCAL",
        "domainsid": "S-1-5-21-675990846-1476227994-1483135188",
        "samaccountname": "Administrator",
        "isaclprotected": true,
        "description": "Built-in account for administering the computer/domain",
        "whencreated": 1656555664,
        "sensitive": false,
        "dontreqpreauth": false,
        "passwordnotreqd": false,
        "unconstraineddelegation": false,
        "pwdneverexpires": true,
        "enabled": true,
        "trustedtoauth": false,
        "lastlogon": 1702913193,
        "lastlogontimestamp": 1702913054,
        "pwdlastset": 1674763808,
        "serviceprincipalnames": [],
        "hasspn": false,
        "displayname": null,
        "email": null,
        "title": null,
        "homedirectory": null,
        "userpassword": null,
        "unixpassword": null,
        "unicodepassword": null,
        "sfupassword": null,
        "logonscript": null,
        "admincount": true,
        "sidhistory": []
      },
      "AllowedToDelegate": [],
      "PrimaryGroupSID": "S-1-5-21-2845847946-3451170323-4261139666-513",
      "HasSIDHistory": [],
      "SPNTargets": [],
      "Aces": [
        {
          "PrincipalSID": "S-1-5-21-675990846-1476227994-1483135188-512",
          "PrincipalType": "Group",
          "RightName": "Owns",
          "IsInherited": false
        },
        {
          "PrincipalSID": "DOMAIN2.LOCAL-S-1-5-32-544",
          "PrincipalType": "Group",
          "RightName": "WriteDacl",
          "IsInherited": false
        },
        {
          "PrincipalSID": "DOMAIN2.LOCAL-S-1-5-32-544",
          "PrincipalType": "Group",
          "RightName": "WriteOwner",
          "IsInherited": false
        },
        {
          "PrincipalSID": "DOMAIN2.LOCAL-S-1-5-32-544",
          "PrincipalType": "Group",
          "RightName": "AllExtendedRights",
          "IsInherited": false
        },
        {
          "PrincipalSID": "DOMAIN2.LOCAL-S-1-5-32-544",
          "PrincipalType": "Group",
          "RightName": "GenericWrite",
          "IsInherited": false
        },
        {
          "PrincipalSID": "S-1-5-21-3354139931-896117953-3418065721-519",
          "PrincipalType": "Group",
          "RightName": "WriteDacl",
          "IsInherited": false
        },
        {
          "PrincipalSID": "S-1-5-21-3354139931-896117953-3418065721-519",
          "PrincipalType": "Group",
          "RightName": "WriteOwner",
          "IsInherited": false
        },
        {
          "PrincipalSID": "S-1-5-21-3354139931-896117953-3418065721-519",
          "PrincipalType": "Group",
          "RightName": "AllExtendedRights",
          "IsInherited": false
        },
        {
          "PrincipalSID": "S-1-5-21-3354139931-896117953-3418065721-519",
          "PrincipalType": "Group",
          "RightName": "GenericWrite",
          "IsInherited": false
        },
        {
          "PrincipalSID": "S-1-5-21-675990846-1476227994-1483135188-512",
          "PrincipalType": "Group",
          "RightName": "WriteDacl",
          "IsInherited": false
        },
        {
          "PrincipalSID": "S-1-5-21-675990846-1476227994-1483135188-512",
          "PrincipalType": "Group",
          "RightName": "WriteOwner",
          "IsInherited": false
        },
        {
          "PrincipalSID": "S-1-5-21-675990846-1476227994-1483135188-512",
          "PrincipalType": "Group",
          "RightName": "AllExtendedRights",
          "IsInherited": false
        },
        {
          "PrincipalSID": "S-1-5-21-675990846-1476227994-1483135188-512",
          "PrincipalType": "Group",
          "RightName": "GenericWrite",
          "IsInherited": false
        }
      ],
      "ObjectIdentifier": "S-1-5-21-675990846-1476227994-1483135188-500",
      "IsDeleted": false,
      "IsACLProtected": true,
      "ContainedBy": {
        "ObjectIdentifier": "E6D1BDF7-630C-4281-8021-CD4DDB5BA18C",
        "ObjectType": "Container"
      }
    },
    {
      "Properties": {
        "domain": "DOMAIN2.LOCAL",
        "name": "GUEST@DOMAIN2.LOCAL",
        "distinguishedname": "CN=GUEST,CN=USERS,DC=DOMAIN2,DC=LOCAL",
        "domainsid": "S-1-5-21-675990846-1476227994-1483135188",
        "samaccountname": "Guest",
        "isaclprotected": false,
        "description": "Built-in account for guest access to the computer/domain",
        "whencreated": 1656555664,
        "sensitive": false,
        "dontreqpreauth": false,
        "passwordnotreqd": true,
        "unconstraineddelegation": false,
        "pwdneverexpires": true,
        "enabled": false,
        "trustedtoauth": false,
        "lastlogon": 0,
        "lastlogontimestamp": -1,
        "pwdlastset": 0,
        "serviceprincipalnames": [],
        "hasspn": false,
        "displayname": null,
        "email": null,
        "title": null,
        "homedirectory": null,
        "userpassword": null,
        "unixpassword": null,
        "unicodepassword": null,
        "sfupassword": null,
        "logonscript": null,
        "admincount": false,
        "sidhistory": []
      },
      "AllowedToDelegate": [],
      "PrimaryGroupSID": "S-1-5-21-2845847946-3451170323-4261139666-514",
      "HasSIDHistory": [],
      "SPNTargets": [],
      "Aces": [
        {
          "PrincipalSID": "DOMAIN2.LOCAL-S-1-5-32-544",
          "PrincipalType": "Group",
          "RightName": "Owns",
          "IsInherited": false
        },
        {
          "PrincipalSID": "DOMAIN2.LOCAL-S-1-5-32-548",
          "PrincipalType": "Group",
          "RightName": "GenericAll",
          "IsInherited": false
        },
        {
          "PrincipalSID": "S-1-5-21-675990846-1476227994-1483135188-512",
          "PrincipalType": "Group",
          "RightName": "GenericAll",
          "IsInherited": false
        },
        {
          "PrincipalSID": "S-1-5-21-3354139931-896117953-3418065721-527",
          "PrincipalType": "Group",
          "RightName": "AddKeyCredentialLink",
          "IsInherited": true
        },
        {
          "PrincipalSID": "S-1-5-21-675990846-1476227994-1483135188-526",
          "PrincipalType": "Base",
          "RightName": "AddKeyCredentialLink",
          "IsInherited": true
        },
        {
          "PrincipalSID": "S-1-5-21-3354139931-896117953-3418065721-519",
          "PrincipalType": "Group",
          "RightName": "GenericAll",
          "IsInherited": true
        },
        {
          "PrincipalSID": "DOMAIN2.LOCAL-S-1-5-32-544",
          "PrincipalType": "Group",
          "RightName": "WriteDacl",
          "IsInherited": true
        },
        {
          "PrincipalSID": "DOMAIN2.LOCAL-S-1-5-32-544",
          "PrincipalType": "Group",
          "RightName": "WriteOwner",
          "IsInherited": true
        },
        {
          "PrincipalSID": "DOMAIN2.LOCAL-S-1-5-32-544",
          "PrincipalType": "Group",
          "RightName": "AllExtendedRights",
          "IsInherited": true
        },
        {
          "PrincipalSID": "DOMAIN2.LOCAL-S-1-5-32-544",
          "PrincipalType": "Group",
          "RightName": "GenericWrite",
          "IsInherited": true
        }
      ],
      "ObjectIdentifier": "S-1-5-21-675990846-1476227994-1483135188-501",
      "IsDeleted": false,
      "IsACLProtected": false,
      "ContainedBy": {
        "ObjectIdentifier": "E6D1BDF7-630C-4281-8021-CD4DDB5BA18C",
        "ObjectType": "Container"
      }
    },
    {
      "Properties": {
        "name": "USER_A1BDABCF@DOMAIN2.LOCAL",
        "domainsid": "S-1-5-21-675990846-1476227994-1483135188",
        "domain": "DOMAIN2.LOCAL",
        "reconcile": false
      },
      "AllowedToDelegate": [],
      "PrimaryGroupSID": null,
      "HasSIDHistory": [],
      "SPNTargets": [],
      "Aces": [],
      "ObjectIdentifier": "DOMAIN2.LOCAL-S-1-5-20",
      "IsDeleted": false,
      "IsACLProtected": false,
      "ContainedBy": null
    },
    {
      "Properties": {
        "domain": "DOMAIN2.LOCAL",
        "name": "USER_02593E8F@DOMAIN2.LOCAL",
        "distinguishedname": "CN=USER_02593E8F,CN=USERS,DC=DOMAIN2,DC=LOCAL",
        "domainsid": "S-1-5-21-675990846-1476227994-1483135188",
        "samaccountname": "USR_02593E8F",
        "isaclprotected": true,
        "description": null,
        "whencreated": 1107163853,
        "sensitive": false,
        "dontreqpreauth": false,
        "passwordnotreqd": false,
        "unconstraineddelegation": false,
        "pwdneverexpires": true,
        "enabled": false,
        "trustedtoauth": false,
        "lastlogon": 1352620493,
        "lastlogontimestamp": 1352620493,
        "pwdlastset": 1294408493,
        "serviceprincipalnames": [],
        "hasspn": false,
        "displayname": "Display_02593E8F",
        "email": null,
        "title": null,
        "homedirectory": null,
        "userpassword": null,
        "unixpassword": null,
        "unicodepassword": null,
        "sfupassword": null,
        "logonscript": null,
        "admincount": true,
        "sidhistory": []
      },
      "AllowedToDelegate": [],
      "PrimaryGroupSID": "S-1-5-21-2845847946-3451170323-4261139666-513",
      "HasSIDHistory": [],
      "SPNTargets": [],
      "Aces": [
        {
          "PrincipalSID": "S-1-5-21-675990846-1476227994-1483135188-512",
          "PrincipalType": "Group",
          "RightName": "Owns",
          "IsInherited": false
        },
        {
          "PrincipalSID": "DOMAIN2.LOCAL-S-1-5-32-544",
          "PrincipalType": "Group",
          "RightName": "WriteDacl",
          "IsInherited": false
        },
        {
          "PrincipalSID": "DOMAIN2.LOCAL-S-1-5-32-544",
          "PrincipalType": "Group",
          "RightName": "WriteOwner",
          "IsInherited": false
        },
        {
          "PrincipalSID": "DOMAIN2.LOCAL-S-1-5-32-544",
          "PrincipalType": "Group",
          "RightName": "AllExtendedRights",
          "IsInherited": false
        },
        {
          "PrincipalSID": "DOMAIN2.LOCAL-S-1-5-32-544",
          "PrincipalType": "Group",
          "RightName": "GenericWrite",
          "IsInherited": false
        },
        {
          "PrincipalSID": "S-1-5-21-3354139931-896117953-3418065721-519",
          "PrincipalType": "Group",
          "RightName": "WriteDacl",
          "IsInherited": false
        },
        {
          "PrincipalSID": "S-1-5-21-3354139931-896117953-3418065721-519",
          "PrincipalType": "Group",
          "RightName": "WriteOwner",
          "IsInherited": false
        },
        {
          "PrincipalSID": "S-1-5-21-3354139931-896117953-3418065721-519",
          "PrincipalType": "Group",
          "RightName": "AllExtendedRights",
          "IsInherited": false
        },
        {
          "PrincipalSID": "S-1-5-21-3354139931-896117953-3418065721-519",
          "PrincipalType": "Group",
          "RightName": "GenericWrite",
          "IsInherited": false
        },
        {
          "PrincipalSID": "S-1-5-21-675990846-1476227994-1483135188-512",
          "PrincipalType": "Group",
          "RightName": "WriteDacl",
          "IsInherited": false
        },
        {
          "PrincipalSID": "S-1-5-21-675990846-1476227994-1483135188-512",
          "PrincipalType": "Group",
          "RightName": "WriteOwner",
          "IsInherited": false
        },
        {
          "PrincipalSID": "S-1-5-21-675990846-1476227994-1483135188-512",
          "PrincipalType": "Group",
          "RightName": "AllExtendedRights",
          "IsInherited": false
        },
        {
          "PrincipalSID": "S-1-5-21-675990846-1476227994-1483135188-512",
          "PrincipalType": "Group",
          "RightName": "GenericWrite",
          "IsInherited": false
        }
      ],
      "ObjectIdentifier": "S-1-5-21-675990846-1476227994-1483135188-1105",
      "IsDeleted": false,
      "IsACLProtected": true,
      "ContainedBy": {
        "ObjectIdentifier": "E6D1BDF7-630C-4281-8021-CD4DDB5BA18C",
        "ObjectType": "Container"
      }
    },
    {
      "Properties": {
        "domain": "DOMAIN2.LOCAL",
        "name": "USER_B5E17F32@DOMAIN2.LOCAL",
        "distinguishedname": "CN=USER_B5E17F32,CN=USERS,DC=DOMAIN2,DC=LOCAL",
        "domainsid": "S-1-5-21-675990846-1476227994-1483135188",
        "samaccountname": "USR_B5E17F32",
        "isaclprotected": true,
        "description": null,
        "whencreated": 1107164693,
        "sensitive": false,
        "dontreqpreauth": false,
        "passwordnotreqd": false,
        "unconstraineddelegation": false,
        "pwdneverexpires": true,
        "enabled": false,
        "trustedtoauth": false,
        "lastlogon": 1221657838,
        "lastlogontimestamp": 1221657838,
        "pwdlastset": 1117877458,
        "serviceprincipalnames": [],
        "hasspn": false,
        "displayname": "Display_B5E17F32",
        "email": null,
        "title": null,
        "homedirectory": null,
        "userpassword": null,
        "unixpassword": null,
        "unicodepassword": null,
        "sfupassword": null,
        "logonscript": null,
        "admincount": true,
        "sidhistory": []
      },
      "AllowedToDelegate": [],
      "PrimaryGroupSID": "S-1-5-21-2845847946-3451170323-4261139666-513",
      "HasSIDHistory": [],
      "SPNTargets": [],
      "Aces": [
        {
          "PrincipalSID": "S-1-5-21-675990846-1476227994-1483135188-512",
          "PrincipalType": "Group",
          "RightName": "Owns",
          "IsInherited": false
        },
        {
          "PrincipalSID": "DOMAIN2.LOCAL-S-1-5-32-544",
          "PrincipalType": "Group",
          "RightName": "WriteDacl",
          "IsInherited": false
        },
        {
          "PrincipalSID": "DOMAIN2.LOCAL-S-1-5-32-544",
          "PrincipalType": "Group",
          "RightName": "WriteOwner",
          "IsInherited": false
        },
        {
          "PrincipalSID": "DOMAIN2.LOCAL-S-1-5-32-544",
          "PrincipalType": "Group",
          "RightName": "AllExtendedRights",
          "IsInherited": false
        },
        {
          "PrincipalSID": "DOMAIN2.LOCAL-S-1-5-32-544",
          "PrincipalType": "Group",
          "RightName": "GenericWrite",
          "IsInherited": false
        },
        {
          "PrincipalSID": "S-1-5-21-3354139931-896117953-3418065721-519",
          "PrincipalType": "Group",
          "RightName": "WriteDacl",
          "IsInherited": false
        },
        {
          "PrincipalSID": "S-1-5-21-3354139931-896117953-3418065721-519",
          "PrincipalType": "Group",
          "RightName": "WriteOwner",
          "IsInherited": false
        },
        {
          "PrincipalSID": "S-1-5-21-3354139931-896117953-3418065721-519",
          "PrincipalType": "Group",
          "RightName": "AllExtendedRights",
          "IsInherited": false
        },
        {
          "PrincipalSID": "S-1-5-21-3354139931-896117953-3418065721-519",
          "PrincipalType": "Group",
          "RightName": "GenericWrite",
          "IsInherited": false
        },
        {
          "PrincipalSID": "S-1-5-21-675990846-1476227994-1483135188-512",
          "PrincipalType": "Group",
          "RightName": "WriteDacl",
          "IsInherited": false
        },
        {
          "PrincipalSID": "S-1-5-21-675990846-1476227994-1483135188-512",
          "PrincipalType": "Group",
          "RightName": "WriteOwner",
          "IsInherited": false
        },
        {
          "PrincipalSID": "S-1-5-21-675990846-1476227994-1483135188-512",
          "PrincipalType": "Group",
          "RightName": "AllExtendedRights",
          "IsInherited": false
        },
        {
          "PrincipalSID": "S-1-5-21-675990846-1476227994-1483135188-512",
          "PrincipalType": "Group",
          "RightName": "GenericWrite",
          "IsInherited": false
        }
      ],
      "ObjectIdentifier": "S-1-5-21-675990846-1476227994-1483135188-1106",
      "IsDeleted": false,
      "IsACLProtected": true,
      "ContainedBy": {
        "ObjectIdentifier": "E6D1BDF7-630C-4281-8021-CD4DDB5BA18C",
        "ObjectType": "Container"
      }
    }
  ],
  "meta": {
    "methods": 521215,
    "type": "users",
    "count": 7,
    "version": 6
  }
}