{
  "data": [
    {
      "Properties": {
        "domain": "DOMAIN1.LOCAL",
        "name": "AIACA_3ED63D65@DOMAIN1.LOCAL",
        "distinguishedname": "CN=AIACA_3ED63D65,CN=AIA,CN=PUBLIC KEY SERVICES,CN=SERVICES,CN=CONFIGURATION,DC=DOMAIN1,DC=LOCAL",
        "domainsid": "S-1-5-21-3354139931-896117953-3418065721",
        "isaclprotected": false,
        "description": null,
        "whencreated": 1697688230,
        "crosscertificatepair": [],
        "hascrosscertificatepair": false,
        "certthumbprint": "A70BC06F3BF0ABBFA4B2B9243212D6FEDF66234A",
        "certname": "A70BC06F3BF0ABBFA4B2B9243212D6FEDF66234A",
        "certchain": [
          "A70BC06F3BF0ABBFA4B2B9243212D6FEDF66234A",
          "6FBBE17DB4E19A99F1E792FB920A748C88CF3144"
        ],
        "hasbasicconstraints": false,
        "basicconstraintpathlength": 0
      },
      "Aces": [
        {
          "PrincipalSID": "S-1-5-21-3354139931-896117953-3418065721-519",
          "PrincipalType": "Group",
          "RightName": "Owns",
          "IsInherited": false
        },
        {
          "PrincipalSID": "DOMAIN1.LOCAL-S-1-5-32-544",
          "PrincipalType": "Group",
          "RightName": "GenericAll",
          "IsInherited": false
        },
        {
          "PrincipalSID": "S-1-5-21-3354139931-896117953-3418065721-512",
          "PrincipalType": "Group",
          "RightName": "GenericAll",
          "IsInherited": false
        },
        {
          "PrincipalSID": "S-1-5-21-3354139931-896117953-3418065721-519",
          "PrincipalType": "Group",
          "RightName": "GenericAll",
          "IsInherited": false
        },
        {
          "PrincipalSID": "S-1-5-21-3354139931-896117953-3418065721-2167",
          "PrincipalType": "Computer",
          "RightName": "GenericAll",
          "IsInherited": false
        },
        {
          "PrincipalSID": "S-1-5-21-3354139931-896117953-3418065721-2201",
          "PrincipalType": "User",
          "RightName": "GenericAll",
          "IsInherited": true
        },
        {
          "PrincipalSID": "S-1-5-21-3354139931-896117953-3418065721-519",
          "PrincipalType": "Group",
          "RightName": "GenericAll",
          "IsInherited": true
        },
        {
          "PrincipalSID": "S-1-5-21-3354139931-896117953-3418065721-512",
          "PrincipalType": "Group",
          "RightName": "WriteDacl",
          "IsInherited": true
        },
        {
          "PrincipalSID": "S-1-5-21-3354139931-896117953-3418065721-512",
          "PrincipalType": "Group",
          "RightName": "WriteOwner",
          "IsInherited": true
        }
      ],
      "ObjectIdentifier": "D69FD507-EB55-44FA-A3FD-C95A5CC5616C",
      "IsDeleted": false,
      "IsACLProtected": false,
      "ContainedBy": {
        "ObjectIdentifier": "43804925-2CEB-479A-AB19-C6527D492665",
        "ObjectType": "Container"
      }
    },
    {
      "Properties": {
        "domain": "DOMAIN1.LOCAL",
        "name": "AIACA_A4093076@DOMAIN1.LOCAL",
        "distinguishedname": "CN=AIACA_A4093076,CN=AIA,CN=PUBLIC KEY SERVICES,CN=SERVICES,CN=CONFIGURATION,DC=DOMAIN1,DC=LOCAL",
        "domainsid": "S-1-5-21-3354139931-896117953-3418065721",
        "isaclprotected": false,
        "description": null,
        "whencreated": 1695941525,
        "crosscertificatepair": [],
        "hascrosscertificatepair": false,
        "certthumbprint": "893D7943CA7A3CD96900F87F142D6C13D25C08BB",
        "certname": "893D7943CA7A3CD96900F87F142D6C13D25C08BB",
        "certchain": [
          "893D7943CA7A3CD96900F87F142D6C13D25C08BB"
        ],
        "hasbasicconstraints": false,
        "basicconstraintpathlength": 0
      },
      "Aces": [
        {
          "PrincipalSID": "S-1-5-21-3354139931-896117953-3418065721-2201",
          "PrincipalType": "User",
          "RightName": "Owns",
          "IsInherited": false
        },
        {
          "PrincipalSID": "DOMAIN1.LOCAL-S-1-5-32-544",
          "PrincipalType": "Group",
          "RightName": "GenericAll",
          "IsInherited": false
        },
        {
          "PrincipalSID": "S-1-5-21-3354139931-896117953-3418065721-512",
          "PrincipalType": "Group",
          "RightName": "GenericAll",
          "IsInherited": false
        },
        {
          "PrincipalSID": "S-1-5-21-3354139931-896117953-3418065721-517",
          "PrincipalType": "Group",
          "RightName": "GenericAll",
          "IsInherited": false
        },
        {
          "PrincipalSID": "S-1-5-21-3354139931-896117953-3418065721-519",
          "PrincipalType": "Group",
          "RightName": "GenericAll",
          "IsInherited": false
        },
        {
          "PrincipalSID": "S-1-5-21-3354139931-896117953-3418065721-2201",
          "PrincipalType": "User",
          "RightName": "GenericAll",
          "IsInherited": true
        },
        {
          "PrincipalSID": "S-1-5-21-3354139931-896117953-3418065721-519",
          "PrincipalType": "Group",
          "RightName": "GenericAll",
          "IsInherited": true
        },
        {
          "PrincipalSID": "S-1-5-21-3354139931-896117953-3418065721-512",
          "PrincipalType": "Group",
          "RightName": "WriteDacl",
          "IsInherited": true
        },
        {
          "PrincipalSID": "S-1-5-21-3354139931-896117953-3418065721-512",
          "PrincipalType": "Group",
          "RightName": "WriteOwner",
          "IsInherited": true
        }
      ],
      "ObjectIdentifier": "0CE45FD7-ABF5-4BF3-B987-EACC94534546",
      "IsDeleted": false,
      "IsACLProtected": false,
      "ContainedBy": {
        "ObjectIdentifier": "43804925-2CEB-479A-AB19-C6527D492665",
        "ObjectType": "Container"
      }
    },
    {
      "Properties": {
        "domain": "DOMAIN1.LOCAL",
        "name": "AIACA_726C4147@DOMAIN1.LOCAL",
        "distinguishedname": "CN=AIACA_726C4147,CN=AIA,CN=PUBLIC KEY SERVICES,CN=SERVICES,CN=CONFIGURATION,DC=DOMAIN1,DC=LOCAL",
        "domainsid": "S-1-5-21-3354139931-896117953-3418065721",
        "isaclprotected": false,
        "description": null,
        "whencreated": 1683986131,
        "crosscertificatepair": [],
        "hascrosscertificatepair": false,
        "certthumbprint": "6FBBE17DB4E19A99F1E792FB920A748C88CF3144",
        "certname": "6FBBE17DB4E19A99F1E792FB920A748C88CF3144",
        "certchain": [
          "6FBBE17DB4E19A99F1E792FB920A748C88CF3144"
        ],
        "hasbasicconstraints": false,
        "basicconstraintpathlength": 0
      },
      "Aces": [
        {
          "PrincipalSID": "S-1-5-21-3354139931-896117953-3418065721-519",
          "PrincipalType": "Group",
          "RightName": "Owns",
          "IsInherited": false
        },
        {
          "PrincipalSID": "DOMAIN1.LOCAL-S-1-5-32-544",
          "PrincipalType": "Group",
          "RightName": "GenericAll",
          "IsInherited": false
        },
        {
          "PrincipalSID": "S-1-5-21-3354139931-896117953-3418065721-512",
          "PrincipalType": "Group",
          "RightName": "GenericAll",
          "IsInherited": false
        },
        {
          "PrincipalSID": "S-1-5-21-3354139931-896117953-3418065721-519",
          "PrincipalType": "Group",
          "RightName": "GenericAll",
          "IsInherited": false
        },
        {
          "PrincipalSID": "S-1-5-21-3354139931-896117953-3418065721-1000",
          "PrincipalType": "Computer",
          "RightName": "GenericAll",
          "IsInherited": false
        },
        {
          "PrincipalSID": "S-1-5-21-3354139931-896117953-3418065721-2201",
          "PrincipalType": "User",
          "RightName": "GenericAll",
          "IsInherited": true
        },
        {
          "PrincipalSID": "S-1-5-21-3354139931-896117953-3418065721-519",
          "PrincipalType": "Group",
          "RightName": "GenericAll",
          "IsInherited": true
        },
        {
          "PrincipalSID": "S-1-5-21-3354139931-896117953-3418065721-512",
          "PrincipalType": "Group",
          "RightName": "WriteDacl",
          "IsInherited": true
        },
        {
          "PrincipalSID": "S-1-5-21-3354139931-896117953-3418065721-512",
          "PrincipalType": "Group",
          "RightName": "WriteOwner",
          "IsInherited": true
        }
      ],
      "ObjectIdentifier": "2B4C2E51-3ADB-411B-85A0-7EAA4E1DC8BB",
      "IsDeleted": false,
      "IsACLProtected": false,
      "ContainedBy": {
        "ObjectIdentifier": "43804925-2CEB-479A-AB19-C6527D492665",
        "ObjectType": "Container"
      }
    },
    {
      "Properties": {
        "domain": "DOMAIN1.LOCAL",
        "name": "AIACA_8E5E5E09@DOMAIN1.LOCAL",
        "distinguishedname": "CN=AIACA_8E5E5E09,CN=AIA,CN=PUBLIC KEY SERVICES,CN=SERVICES,CN=CONFIGURATION,DC=DOMAIN1,DC=LOCAL",
        "domainsid": "S-1-5-21-3354139931-896117953-3418065721",
        "isaclprotected": false,
        "description": null,
        "whencreated": 1695941431,
        "crosscertificatepair": [],
        "hascrosscertificatepair": false,
        "certthumbprint": "AD114F9D2220803F60336BC45683BD948A494D05",
        "certname": "AD114F9D2220803F60336BC45683BD948A494D05",
        "certchain": [
          "AD114F9D2220803F60336BC45683BD948A494D05"
        ],
        "hasbasicconstraints": false,
        "basicconstraintpathlength": 0
      },
      "Aces": [
        {
          "PrincipalSID": "S-1-5-21-3354139931-896117953-3418065721-2201",
          "PrincipalType": "User",
          "RightName": "Owns",
          "IsInherited": false
        },
        {
          "PrincipalSID": "DOMAIN1.LOCAL-S-1-5-32-544",
          "PrincipalType": "Group",
          "RightName": "GenericAll",
          "IsInherited": false
        },
        {
          "PrincipalSID": "S-1-5-21-3354139931-896117953-3418065721-512",
          "PrincipalType": "Group",
          "RightName": "GenericAll",
          "IsInherited": false
        },
        {
          "PrincipalSID": "S-1-5-21-3354139931-896117953-3418065721-517",
          "PrincipalType": "Group",
          "RightName": "GenericAll",
          "IsInherited": false
        },
        {
          "PrincipalSID": "S-1-5-21-3354139931-896117953-3418065721-519",
          "PrincipalType": "Group",
          "RightName": "GenericAll",
          "IsInherited": false
        },
        {
          "PrincipalSID": "S-1-5-21-3354139931-896117953-3418065721-2201",
          "PrincipalType": "User",
          "RightName": "GenericAll",
          "IsInherited": true
        },
        {
          "PrincipalSID": "S-1-5-21-3354139931-896117953-3418065721-519",
          "PrincipalType": "Group",
          "RightName": "GenericAll",
          "IsInherited": true
        },
        {
          "PrincipalSID": "S-1-5-21-3354139931-896117953-3418065721-512",
          "PrincipalType": "Group",
          "RightName": "WriteDacl",
          "IsInherited": true
        },
        {
          "PrincipalSID": "S-1-5-21-3354139931-896117953-3418065721-512",
          "PrincipalType": "Group",
          "RightName": "WriteOwner",
          "IsInherited": true
        }
      ],
      "ObjectIdentifier": "FE93C852-57C9-4E0F-804C-E78911026C08",
      "IsDeleted": false,
      "IsACLProtected": false,
      "ContainedBy": {
        "ObjectIdentifier": "43804925-2CEB-479A-AB19-C6527D492665",
        "ObjectType": "Container"
      }
    }
  ],
  "meta": {
    "methods": 521215,
    "type": "aiacas",
    "count": 4,
    "version": 6
  }
}