{
  "data": [
    {
      "Properties": {
        "domain": "DOMAIN4.LOCAL",
        "name": "CA_61E562A8@DOMAIN4.LOCAL",
        "distinguishedname": "CN=CA_61E562A8,CN=CERTIFICATION AUTHORITIES,CN=PUBLIC KEY SERVICES,CN=SERVICES,CN=CONFIGURATION,DC=DOMAIN4,DC=LOCAL",
        "domainsid": "S-1-5-21-3371459185-1406607600-1583401892",
        "isaclprotected": false,
        "description": null,
        "whencreated": 1683819999,
        "certthumbprint": "640303B6A32960347F1C7F7D5A845042942E0B70",
        "certname": "640303B6A32960347F1C7F7D5A845042942E0B70",
        "certchain": [
          "640303B6A32960347F1C7F7D5A845042942E0B70"
        ],
        "hasbasicconstraints": false,
        "basicconstraintpathlength": 0
      },
      "DomainSID": "S-1-5-21-3371459185-1406607600-1583401892",
      "Aces": [
        {
          "PrincipalSID": "S-1-5-21-3371459185-1406607600-1583401892-519",
          "PrincipalType": "Group",
          "RightName": "Owns",
          "IsInherited": false
        },
        {
          "PrincipalSID": "DOMAIN4.LOCAL-S-1-5-32-544",
          "PrincipalType": "Group",
          "RightName": "GenericAll",
          "IsInherited": false
        },
        {
          "PrincipalSID": "S-1-5-21-3371459185-1406607600-1583401892-512",
          "PrincipalType": "Group",
          "RightName": "GenericAll",
          "IsInherited": false
        },
        {
          "PrincipalSID": "S-1-5-21-3371459185-1406607600-1583401892-517",
          "PrincipalType": "Group",
          "RightName": "GenericAll",
          "IsInherited": false
        },
        {
          "PrincipalSID": "S-1-5-21-3371459185-1406607600-1583401892-519",
          "PrincipalType": "Group",
          "RightName": "GenericAll",
          "IsInherited": false
        },
        {
          "PrincipalSID": "S-1-5-21-3371459185-1406607600-1583401892-519",
          "PrincipalType": "Group",
          "RightName": "GenericAll",
          "IsInherited": true
        },
        {
          "PrincipalSID": "S-1-5-21-3371459185-1406607600-1583401892-512",
          "PrincipalType": "Group",
          "RightName": "WriteDacl",
          "IsInherited": true
        },
        {
          "PrincipalSID": "S-1-5-21-3371459185-1406607600-1583401892-512",
          "PrincipalType": "Group",
          "RightName": "WriteOwner",
          "IsInherited": true
        }
      ],
      "ObjectIdentifier": "F49703DF-7561-4DDE-8350-D9ECD1A3FB11",
      "IsDeleted": false,
      "IsACLProtected": false,
      "ContainedBy": {
        "ObjectIdentifier": "FA5E0843-7542-400A-B11D-52DD9DF789FA",
        "ObjectType": "Container"
      }
    }
  ],
  "meta": {
    "methods": 521215,
    "type": "rootcas",
    "count": 1,
    "version": 6
  }
}