{
  "data": [
    {
      "Properties": {
        "domain": "DOMAIN1.LOCAL",
        "name": "CA_7363FE6F@DOMAIN1.LOCAL",
        "distinguishedname": "CN=CA_7363FE6F,CN=CERTIFICATION AUTHORITIES,CN=PUBLIC KEY SERVICES,CN=SERVICES,CN=CONFIGURATION,DC=DOMAIN1,DC=LOCAL",
        "domainsid": "S-1-5-21-3354139931-896117953-3418065721",
        "isaclprotected": false,
        "description": null,
        "whencreated": 1695941525,
        "certthumbprint": "DC9BFBC9B3055ED62E20FB5C573329F585F46236",
        "certname": "DC9BFBC9B3055ED62E20FB5C573329F585F46236",
        "certchain": [
          "DC9BFBC9B3055ED62E20FB5C573329F585F46236"
        ],
        "hasbasicconstraints": false,
        "basicconstraintpathlength": 0
      },
      "DomainSID": "S-1-5-21-3354139931-896117953-3418065721",
      "Aces": [
        {
          "PrincipalSID": "S-1-5-21-3354139931-896117953-3418065721-2201",
          "PrincipalType": "User",
          "RightName": "Owns",
          "IsInherited": false
        },
        {
          "PrincipalSID": "DOMAIN1.LOCAL-S-1-5-32-544",
          "PrincipalType": "Group",
          "RightName": "GenericAll",
          "IsInherited": false
        },
        {
          "PrincipalSID": "S-1-5-21-3354139931-896117953-3418065721-512",
          "PrincipalType": "Group",
          "RightName": "GenericAll",
          "IsInherited": false
        },
        {
          "PrincipalSID": "S-1-5-21-3354139931-896117953-3418065721-517",
          "PrincipalType": "Group",
          "RightName": "GenericAll",
          "IsInherited": false
        },
        {
          "PrincipalSID": "S-1-5-21-3354139931-896117953-3418065721-519",
          "PrincipalType": "Group",
          "RightName": "GenericAll",
          "IsInherited": false
        },
        {
          "PrincipalSID": "S-1-5-21-3354139931-896117953-3418065721-2201",
          "PrincipalType": "User",
          "RightName": "GenericAll",
          "IsInherited": true
        },
        {
          "PrincipalSID": "S-1-5-21-3354139931-896117953-3418065721-519",
          "PrincipalType": "Group",
          "RightName": "GenericAll",
          "IsInherited": true
        },
        {
          "PrincipalSID": "S-1-5-21-3354139931-896117953-3418065721-512",
          "PrincipalType": "Group",
          "RightName": "WriteDacl",
          "IsInherited": true
        },
        {
          "PrincipalSID": "S-1-5-21-3354139931-896117953-3418065721-512",
          "PrincipalType": "Group",
          "RightName": "WriteOwner",
          "IsInherited": true
        }
      ],
      "ObjectIdentifier": "AA876D43-5482-4350-93B9-F424A6C7C3F2",
      "IsDeleted": false,
      "IsACLProtected": false,
      "ContainedBy": {
        "ObjectIdentifier": "CA6CE195-051C-4EEA-92AD-5B45A33AA05B",
        "ObjectType": "Container"
      }
    },
    {
      "Properties": {
        "domain": "DOMAIN1.LOCAL",
        "name": "DOMAIN1-DC01-CA@DOMAIN1.LOCAL",
        "distinguishedname": "CN=DOMAIN1-DC01-CA,CN=CERTIFICATION AUTHORITIES,CN=PUBLIC KEY SERVICES,CN=SERVICES,CN=CONFIGURATION,DC=DOMAIN1,DC=LOCAL",
        "domainsid": "S-1-5-21-3354139931-896117953-3418065721",
        "isaclprotected": false,
        "description": null,
        "whencreated": 1683986131,
        "certthumbprint": "4205DC26D84B3052DE656D8022C3FD7F91BD3272",
        "certname": "4205DC26D84B3052DE656D8022C3FD7F91BD3272",
        "certchain": [
          "4205DC26D84B3052DE656D8022C3FD7F91BD3272"
        ],
        "hasbasicconstraints": false,
        "basicconstraintpathlength": 0
      },
      "DomainSID": "S-1-5-21-3354139931-896117953-3418065721",
      "Aces": [
        {
          "PrincipalSID": "S-1-5-21-3354139931-896117953-3418065721-519",
          "PrincipalType": "Group",
          "RightName": "Owns",
          "IsInherited": false
        },
        {
          "PrincipalSID": "DOMAIN1.LOCAL-S-1-5-32-544",
          "PrincipalType": "Group",
          "RightName": "GenericAll",
          "IsInherited": false
        },
        {
          "PrincipalSID": "S-1-5-21-3354139931-896117953-3418065721-512",
          "PrincipalType": "Group",
          "RightName": "GenericAll",
          "IsInherited": false
        },
        {
          "PrincipalSID": "S-1-5-21-3354139931-896117953-3418065721-517",
          "PrincipalType": "Group",
          "RightName": "GenericAll",
          "IsInherited": false
        },
        {
          "PrincipalSID": "S-1-5-21-3354139931-896117953-3418065721-519",
          "PrincipalType": "Group",
          "RightName": "GenericAll",
          "IsInherited": false
        },
        {
          "PrincipalSID": "S-1-5-21-3354139931-896117953-3418065721-2201",
          "PrincipalType": "User",
          "RightName": "GenericAll",
          "IsInherited": true
        },
        {
          "PrincipalSID": "S-1-5-21-3354139931-896117953-3418065721-519",
          "PrincipalType": "Group",
          "RightName": "GenericAll",
          "IsInherited": true
        },
        {
          "PrincipalSID": "S-1-5-21-3354139931-896117953-3418065721-512",
          "PrincipalType": "Group",
          "RightName": "WriteDacl",
          "IsInherited": true
        },
        {
          "PrincipalSID": "S-1-5-21-3354139931-896117953-3418065721-512",
          "PrincipalType": "Group",
          "RightName": "WriteOwner",
          "IsInherited": true
        }
      ],
      "ObjectIdentifier": "5DB2D5D1-5616-4B27-BA95-E0AD1451A9CD",
      "IsDeleted": false,
      "IsACLProtected": false,
      "ContainedBy": {
        "ObjectIdentifier": "CA6CE195-051C-4EEA-92AD-5B45A33AA05B",
        "ObjectType": "Container"
      }
    },
    {
      "Properties": {
        "domain": "DOMAIN1.LOCAL",
        "name": "CA_B0D3652E@DOMAIN1.LOCAL",
        "distinguishedname": "CN=CA_B0D3652E,CN=CERTIFICATION AUTHORITIES,CN=PUBLIC KEY SERVICES,CN=SERVICES,CN=CONFIGURATION,DC=DOMAIN1,DC=LOCAL",
        "domainsid": "S-1-5-21-3354139931-896117953-3418065721",
        "isaclprotected": false,
        "description": null,
        "whencreated": 1695942392,
        "certthumbprint": "DF17B721EDDDC4A9A4C6EC2552CC99E2D7E8F211",
        "certname": "DF17B721EDDDC4A9A4C6EC2552CC99E2D7E8F211",
        "certchain": [
          "DF17B721EDDDC4A9A4C6EC2552CC99E2D7E8F211"
        ],
        "hasbasicconstraints": false,
        "basicconstraintpathlength": 0
      },
      "DomainSID": "S-1-5-21-3354139931-896117953-3418065721",
      "Aces": [
        {
          "PrincipalSID": "S-1-5-21-3354139931-896117953-3418065721-2201",
          "PrincipalType": "User",
          "RightName": "Owns",
          "IsInherited": false
        },
        {
          "PrincipalSID": "DOMAIN1.LOCAL-S-1-5-32-544",
          "PrincipalType": "Group",
          "RightName": "GenericAll",
          "IsInherited": false
        },
        {
          "PrincipalSID": "S-1-5-21-3354139931-896117953-3418065721-512",
          "PrincipalType": "Group",
          "RightName": "GenericAll",
          "IsInherited": false
        },
        {
          "PrincipalSID": "S-1-5-21-3354139931-896117953-3418065721-517",
          "PrincipalType": "Group",
          "RightName": "GenericAll",
          "IsInherited": false
        },
        {
          "PrincipalSID": "S-1-5-21-3354139931-896117953-3418065721-519",
          "PrincipalType": "Group",
          "RightName": "GenericAll",
          "IsInherited": false
        },
        {
          "PrincipalSID": "S-1-5-21-3354139931-896117953-3418065721-2201",
          "PrincipalType": "User",
          "RightName": "GenericAll",
          "IsInherited": true
        },
        {
          "PrincipalSID": "S-1-5-21-3354139931-896117953-3418065721-519",
          "PrincipalType": "Group",
          "RightName": "GenericAll",
          "IsInherited": true
        },
        {
          "PrincipalSID": "S-1-5-21-3354139931-896117953-3418065721-512",
          "PrincipalType": "Group",
          "RightName": "WriteDacl",
          "IsInherited": true
        },
        {
          "PrincipalSID": "S-1-5-21-3354139931-896117953-3418065721-512",
          "PrincipalType": "Group",
          "RightName": "WriteOwner",
          "IsInherited": true
        }
      ],
      "ObjectIdentifier": "A90DCE2A-6FAC-461A-BEB7-19C6D60C11BB",
      "IsDeleted": false,
      "IsACLProtected": false,
      "ContainedBy": {
        "ObjectIdentifier": "CA6CE195-051C-4EEA-92AD-5B45A33AA05B",
        "ObjectType": "Container"
      }
    },
    {
      "Properties": {
        "domain": "DOMAIN1.LOCAL",
        "name": "CA_34B23A4F@DOMAIN1.LOCAL",
        "distinguishedname": "CN=CA_34B23A4F,CN=CERTIFICATION AUTHORITIES,CN=PUBLIC KEY SERVICES,CN=SERVICES,CN=CONFIGURATION,DC=DOMAIN1,DC=LOCAL",
        "domainsid": "S-1-5-21-3354139931-896117953-3418065721",
        "isaclprotected": false,
        "description": null,
        "whencreated": 1695941362,
        "certthumbprint": "0C87A61925B051B9E4C2749A7E87E2C425E04022",
        "certname": "0C87A61925B051B9E4C2749A7E87E2C425E04022",
        "certchain": [
          "0C87A61925B051B9E4C2749A7E87E2C425E04022"
        ],
        "hasbasicconstraints": false,
        "basicconstraintpathlength": 0
      },
      "DomainSID": "S-1-5-21-3354139931-896117953-3418065721",
      "Aces": [
        {
          "PrincipalSID": "S-1-5-21-3354139931-896117953-3418065721-2201",
          "PrincipalType": "User",
          "RightName": "Owns",
          "IsInherited": false
        },
        {
          "PrincipalSID": "DOMAIN1.LOCAL-S-1-5-32-544",
          "PrincipalType": "Group",
          "RightName": "GenericAll",
          "IsInherited": false
        },
        {
          "PrincipalSID": "S-1-5-21-3354139931-896117953-3418065721-512",
          "PrincipalType": "Group",
          "RightName": "GenericAll",
          "IsInherited": false
        },
        {
          "PrincipalSID": "S-1-5-21-3354139931-896117953-3418065721-517",
          "PrincipalType": "Group",
          "RightName": "GenericAll",
          "IsInherited": false
        },
        {
          "PrincipalSID": "S-1-5-21-3354139931-896117953-3418065721-519",
          "PrincipalType": "Group",
          "RightName": "GenericAll",
          "IsInherited": false
        },
        {
          "PrincipalSID": "S-1-5-21-3354139931-896117953-3418065721-2201",
          "PrincipalType": "User",
          "RightName": "GenericAll",
          "IsInherited": true
        },
        {
          "PrincipalSID": "S-1-5-21-3354139931-896117953-3418065721-519",
          "PrincipalType": "Group",
          "RightName": "GenericAll",
          "IsInherited": true
        },
        {
          "PrincipalSID": "S-1-5-21-3354139931-896117953-3418065721-512",
          "PrincipalType": "Group",
          "RightName": "WriteDacl",
          "IsInherited": true
        },
        {
          "PrincipalSID": "S-1-5-21-3354139931-896117953-3418065721-512",
          "PrincipalType": "Group",
          "RightName": "WriteOwner",
          "IsInherited": true
        }
      ],
      "ObjectIdentifier": "C27F0ABD-F389-4A77-A40C-C5ED6FFC1705",
      "IsDeleted": false,
      "IsACLProtected": false,
      "ContainedBy": {
        "ObjectIdentifier": "CA6CE195-051C-4EEA-92AD-5B45A33AA05B",
        "ObjectType": "Container"
      }
    }
  ],
  "meta": {
    "methods": 521215,
    "type": "rootcas",
    "count": 4,
    "version": 6
  }
}