{
  "data": [
    {
      "Properties": {
        "domain": "DOMAIN1.LOCAL",
        "name": "NTAUTHCERTIFICATES@DOMAIN1.LOCAL",
        "distinguishedname": "CN=NTAUTHCERTIFICATES,CN=PUBLIC KEY SERVICES,CN=SERVICES,CN=CONFIGURATION,DC=DOMAIN1,DC=LOCAL",
        "domainsid": "S-1-5-21-3354139931-896117953-3418065721",
        "isaclprotected": false,
        "certthumbprints": [
          "A70BC06F3BF0ABBFA4B2B9243212D6FEDF66234A",
          "6FBBE17DB4E19A99F1E792FB920A748C88CF3144"
        ],
        "description": null,
        "whencreated": 1683986131
      },
      "DomainSID": "S-1-5-21-3354139931-896117953-3418065721",
      "Aces": [
        {
          "PrincipalSID": "S-1-5-21-3354139931-896117953-3418065721-519",
          "PrincipalType": "Group",
          "RightName": "Owns",
          "IsInherited": false
        },
        {
          "PrincipalSID": "DOMAIN1.LOCAL-S-1-5-32-544",
          "PrincipalType": "Group",
          "RightName": "GenericAll",
          "IsInherited": false
        },
        {
          "PrincipalSID": "S-1-5-21-3354139931-896117953-3418065721-512",
          "PrincipalType": "Group",
          "RightName": "GenericAll",
          "IsInherited": false
        },
        {
          "PrincipalSID": "S-1-5-21-3354139931-896117953-3418065721-519",
          "PrincipalType": "Group",
          "RightName": "GenericAll",
          "IsInherited": false
        },
        {
          "PrincipalSID": "S-1-5-21-3354139931-896117953-3418065721-519",
          "PrincipalType": "Group",
          "RightName": "GenericAll",
          "IsInherited": true
        },
        {
          "PrincipalSID": "S-1-5-21-3354139931-896117953-3418065721-512",
          "PrincipalType": "Group",
          "RightName": "WriteDacl",
          "IsInherited": true
        },
        {
          "PrincipalSID": "S-1-5-21-3354139931-896117953-3418065721-512",
          "PrincipalType": "Group",
          "RightName": "WriteOwner",
          "IsInherited": true
        }
      ],
      "ObjectIdentifier": "393F4B68-C867-47C9-A370-B45DEEDAD42A",
      "IsDeleted": false,
      "IsACLProtected": false,
      "ContainedBy": {
        "ObjectIdentifier": "4AC6E2BA-1BE4-4F8D-878B-FEBC34C65A3B",
        "ObjectType": "Container"
      }
    }
  ],
  "meta": {
    "methods": 521215,
    "type": "ntauthstores",
    "count": 1,
    "version": 6
  }
}