{
  "data": [
    {
      "Properties": {
        "domain": "DOMAIN1.LOCAL",
        "name": "GPO_6CC3C4E9@DOMAIN1.LOCAL",
        "distinguishedname": "CN={7DFD3152-CCD4-4573-9AC8-EBFA9839E703},CN=POLICIES,CN=SYSTEM,DC=DOMAIN1,DC=LOCAL",
        "domainsid": "S-1-5-21-3354139931-896117953-3418065721",
        "isaclprotected": true,
        "description": null,
        "whencreated": 1664354077,
        "gpcpath": "\\\\DOMAIN1.LOCAL\\SYSVOL\\DOMAIN1.LOCAL\\POLICIES\\{7DFD3152-CCD4-4573-9AC8-EBFA9839E703}"
      },
      "Aces": [
        {
          "PrincipalSID": "S-1-5-21-3354139931-896117953-3418065721-512",
          "PrincipalType": "Group",
          "RightName": "Owns",
          "IsInherited": false
        },
        {
          "PrincipalSID": "S-1-5-21-3354139931-896117953-3418065721-512",
          "PrincipalType": "Group",
          "RightName": "WriteDacl",
          "IsInherited": false
        },
        {
          "PrincipalSID": "S-1-5-21-3354139931-896117953-3418065721-512",
          "PrincipalType": "Group",
          "RightName": "WriteOwner",
          "IsInherited": false
        },
        {
          "PrincipalSID": "S-1-5-21-3354139931-896117953-3418065721-512",
          "PrincipalType": "Group",
          "RightName": "GenericWrite",
          "IsInherited": false
        },
        {
          "PrincipalSID": "S-1-5-21-3354139931-896117953-3418065721-519",
          "PrincipalType": "Group",
          "RightName": "WriteDacl",
          "IsInherited": false
        },
        {
          "PrincipalSID": "S-1-5-21-3354139931-896117953-3418065721-519",
          "PrincipalType": "Group",
          "RightName": "WriteOwner",
          "IsInherited": false
        },
        {
          "PrincipalSID": "S-1-5-21-3354139931-896117953-3418065721-519",
          "PrincipalType": "Group",
          "RightName": "GenericWrite",
          "IsInherited": false
        }
      ],
      "ObjectIdentifier": "332FA2CC-CD08-4F1F-97F1-2BE1E18D1A0A",
      "IsDeleted": false,
      "IsACLProtected": true,
      "ContainedBy": null
    },
    {
      "Properties": {
        "domain": "DOMAIN1.LOCAL",
        "name": "DEFAULT DOMAIN CONTROLLERS POLICY@DOMAIN1.LOCAL",
        "distinguishedname": "CN={7D9E4CB5-5A1C-4478-8F98-D972B248D38E},CN=POLICIES,CN=SYSTEM,DC=DOMAIN1,DC=LOCAL",
        "domainsid": "S-1-5-21-3354139931-896117953-3418065721",
        "isaclprotected": true,
        "description": null,
        "whencreated": 1653361617,
        "gpcpath": "\\\\DOMAIN1.LOCAL\\SYSVOL\\DOMAIN1.LOCAL\\POLICIES\\{7D9E4CB5-5A1C-4478-8F98-D972B248D38E}"
      },
      "Aces": [
        {
          "PrincipalSID": "S-1-5-21-3354139931-896117953-3418065721-512",
          "PrincipalType": "Group",
          "RightName": "Owns",
          "IsInherited": false
        },
        {
          "PrincipalSID": "S-1-5-21-3354139931-896117953-3418065721-512",
          "PrincipalType": "Group",
          "RightName": "WriteDacl",
          "IsInherited": false
        },
        {
          "PrincipalSID": "S-1-5-21-3354139931-896117953-3418065721-512",
          "PrincipalType": "Group",
          "RightName": "WriteOwner",
          "IsInherited": false
        },
        {
          "PrincipalSID": "S-1-5-21-3354139931-896117953-3418065721-512",
          "PrincipalType": "Group",
          "RightName": "GenericWrite",
          "IsInherited": false
        },
        {
          "PrincipalSID": "S-1-5-21-3354139931-896117953-3418065721-512",
          "PrincipalType": "Group",
          "RightName": "WriteDacl",
          "IsInherited": false
        },
        {
          "PrincipalSID": "S-1-5-21-3354139931-896117953-3418065721-512",
          "PrincipalType": "Group",
          "RightName": "WriteOwner",
          "IsInherited": false
        },
        {
          "PrincipalSID": "S-1-5-21-3354139931-896117953-3418065721-512",
          "PrincipalType": "Group",
          "RightName": "GenericWrite",
          "IsInherited": false
        },
        {
          "PrincipalSID": "S-1-5-21-3354139931-896117953-3418065721-519",
          "PrincipalType": "Group",
          "RightName": "WriteDacl",
          "IsInherited": false
        },
        {
          "PrincipalSID": "S-1-5-21-3354139931-896117953-3418065721-519",
          "PrincipalType": "Group",
          "RightName": "WriteOwner",
          "IsInherited": false
        },
        {
          "PrincipalSID": "S-1-5-21-3354139931-896117953-3418065721-519",
          "PrincipalType": "Group",
          "RightName": "GenericWrite",
          "IsInherited": false
        }
      ],
      "ObjectIdentifier": "C3434948-B66D-4284-B9AE-04AC891FB690",
      "IsDeleted": false,
      "IsACLProtected": true,
      "ContainedBy": null
    },
    {
      "Properties": {
        "domain": "DOMAIN1.LOCAL",
        "name": "GPO_BBB4CBD3@DOMAIN1.LOCAL",
        "distinguishedname": "CN={86E8607B-6E08-4BB2-BFFE-DC6BD9EF5F99},CN=POLICIES,CN=SYSTEM,DC=DOMAIN1,DC=LOCAL",
        "domainsid": "S-1-5-21-3354139931-896117953-3418065721",
        "isaclprotected": true,
        "description": null,
        "whencreated": 1665133104,
        "gpcpath": "\\\\DOMAIN1.LOCAL\\SYSVOL\\DOMAIN1.LOCAL\\POLICIES\\{86E8607B-6E08-4BB2-BFFE-DC6BD9EF5F99}"
      },
      "Aces": [
        {
          "PrincipalSID": "S-1-5-21-3354139931-896117953-3418065721-512",
          "PrincipalType": "Group",
          "RightName": "Owns",
          "IsInherited": false
        },
        {
          "PrincipalSID": "S-1-5-21-3354139931-896117953-3418065721-512",
          "PrincipalType": "Group",
          "RightName": "WriteDacl",
          "IsInherited": false
        },
        {
          "PrincipalSID": "S-1-5-21-3354139931-896117953-3418065721-512",
          "PrincipalType": "Group",
          "RightName": "WriteOwner",
          "IsInherited": false
        },
        {
          "PrincipalSID": "S-1-5-21-3354139931-896117953-3418065721-512",
          "PrincipalType": "Group",
          "RightName": "GenericWrite",
          "IsInherited": false
        },
        {
          "PrincipalSID": "S-1-5-21-3354139931-896117953-3418065721-519",
          "PrincipalType": "Group",
          "RightName": "WriteDacl",
          "IsInherited": false
        },
        {
          "PrincipalSID": "S-1-5-21-3354139931-896117953-3418065721-519",
          "PrincipalType": "Group",
          "RightName": "WriteOwner",
          "IsInherited": false
        },
        {
          "PrincipalSID": "S-1-5-21-3354139931-896117953-3418065721-519",
          "PrincipalType": "Group",
          "RightName": "GenericWrite",
          "IsInherited": false
        }
      ],
      "ObjectIdentifier": "7D9A2E40-0B54-43A8-926B-768BEFF74809",
      "IsDeleted": false,
      "IsACLProtected": true,
      "ContainedBy": null
    },
    {
      "Properties": {
        "domain": "DOMAIN1.LOCAL",
        "name": "GPO_EFE3072B@DOMAIN1.LOCAL",
        "distinguishedname": "CN={533FF0EC-A3AD-4C17-9654-C37096B375F1},CN=POLICIES,CN=SYSTEM,DC=DOMAIN1,DC=LOCAL",
        "domainsid": "S-1-5-21-3354139931-896117953-3418065721",
        "isaclprotected": true,
        "description": null,
        "whencreated": 1708477414,
        "gpcpath": "\\\\DOMAIN1.LOCAL\\SYSVOL\\DOMAIN1.LOCAL\\POLICIES\\{533FF0EC-A3AD-4C17-9654-C37096B375F1}"
      },
      "Aces": [
        {
          "PrincipalSID": "S-1-5-21-3354139931-896117953-3418065721-512",
          "PrincipalType": "Group",
          "RightName": "Owns",
          "IsInherited": false
        },
        {
          "PrincipalSID": "S-1-5-21-3354139931-896117953-3418065721-512",
          "PrincipalType": "Group",
          "RightName": "WriteDacl",
          "IsInherited": false
        },
        {
          "PrincipalSID": "S-1-5-21-3354139931-896117953-3418065721-512",
          "PrincipalType": "Group",
          "RightName": "WriteOwner",
          "IsInherited": false
        },
        {
          "PrincipalSID": "S-1-5-21-3354139931-896117953-3418065721-512",
          "PrincipalType": "Group",
          "RightName": "GenericWrite",
          "IsInherited": false
        },
        {
          "PrincipalSID": "S-1-5-21-3354139931-896117953-3418065721-519",
          "PrincipalType": "Group",
          "RightName": "WriteDacl",
          "IsInherited": false
        },
        {
          "PrincipalSID": "S-1-5-21-3354139931-896117953-3418065721-519",
          "PrincipalType": "Group",
          "RightName": "WriteOwner",
          "IsInherited": false
        },
        {
          "PrincipalSID": "S-1-5-21-3354139931-896117953-3418065721-519",
          "PrincipalType": "Group",
          "RightName": "GenericWrite",
          "IsInherited": false
        }
      ],
      "ObjectIdentifier": "F33342C7-4053-464B-8532-83F6A83A8DF2",
      "IsDeleted": false,
      "IsACLProtected": true,
      "ContainedBy": null
    },
    {
      "Properties": {
        "domain": "DOMAIN1.LOCAL",
        "name": "GPO_BF187CCD@DOMAIN1.LOCAL",
        "distinguishedname": "CN={24E164DE-774C-405E-B856-8332C16017A6},CN=POLICIES,CN=SYSTEM,DC=DOMAIN1,DC=LOCAL",
        "domainsid": "S-1-5-21-3354139931-896117953-3418065721",
        "isaclprotected": true,
        "description": null,
        "whencreated": 1671656828,
        "gpcpath": "\\\\DOMAIN1.LOCAL\\SYSVOL\\DOMAIN1.LOCAL\\POLICIES\\{24E164DE-774C-405E-B856-8332C16017A6}"
      },
      "Aces": [
        {
          "PrincipalSID": "S-1-5-21-3354139931-896117953-3418065721-512",
          "PrincipalType": "Group",
          "RightName": "Owns",
          "IsInherited": false
        },
        {
          "PrincipalSID": "S-1-5-21-3354139931-896117953-3418065721-512",
          "PrincipalType": "Group",
          "RightName": "WriteDacl",
          "IsInherited": false
        },
        {
          "PrincipalSID": "S-1-5-21-3354139931-896117953-3418065721-512",
          "PrincipalType": "Group",
          "RightName": "WriteOwner",
          "IsInherited": false
        },
        {
          "PrincipalSID": "S-1-5-21-3354139931-896117953-3418065721-512",
          "PrincipalType": "Group",
          "RightName": "GenericWrite",
          "IsInherited": false
        },
        {
          "PrincipalSID": "S-1-5-21-3354139931-896117953-3418065721-519",
          "PrincipalType": "Group",
          "RightName": "WriteDacl",
          "IsInherited": false
        },
        {
          "PrincipalSID": "S-1-5-21-3354139931-896117953-3418065721-519",
          "PrincipalType": "Group",
          "RightName": "WriteOwner",
          "IsInherited": false
        },
        {
          "PrincipalSID": "S-1-5-21-3354139931-896117953-3418065721-519",
          "PrincipalType": "Group",
          "RightName": "GenericWrite",
          "IsInherited": false
        }
      ],
      "ObjectIdentifier": "513F24A9-5987-4BB6-BC85-1532AA76E6C9",
      "IsDeleted": false,
      "IsACLProtected": true,
      "ContainedBy": null
    },
    {
      "Properties": {
        "domain": "DOMAIN1.LOCAL",
        "name": "GPO_1A4DD7F4@DOMAIN1.LOCAL",
        "distinguishedname": "CN={75F875B6-41BA-43DE-9EED-15F0CFB9FFF3},CN=POLICIES,CN=SYSTEM,DC=DOMAIN1,DC=LOCAL",
        "domainsid": "S-1-5-21-3354139931-896117953-3418065721",
        "isaclprotected": true,
        "description": null,
        "whencreated": 1668342078,
        "gpcpath": "\\\\DOMAIN1.LOCAL\\SYSVOL\\DOMAIN1.LOCAL\\POLICIES\\{75F875B6-41BA-43DE-9EED-15F0CFB9FFF3}"
      },
      "Aces": [
        {
          "PrincipalSID": "S-1-5-21-3354139931-896117953-3418065721-512",
          "PrincipalType": "Group",
          "RightName": "Owns",
          "IsInherited": false
        },
        {
          "PrincipalSID": "S-1-5-21-3354139931-896117953-3418065721-512",
          "PrincipalType": "Group",
          "RightName": "WriteDacl",
          "IsInherited": false
        },
        {
          "PrincipalSID": "S-1-5-21-3354139931-896117953-3418065721-512",
          "PrincipalType": "Group",
          "RightName": "WriteOwner",
          "IsInherited": false
        },
        {
          "PrincipalSID": "S-1-5-21-3354139931-896117953-3418065721-512",
          "PrincipalType": "Group",
          "RightName": "GenericWrite",
          "IsInherited": false
        },
        {
          "PrincipalSID": "S-1-5-21-3354139931-896117953-3418065721-519",
          "PrincipalType": "Group",
          "RightName": "WriteDacl",
          "IsInherited": false
        },
        {
          "PrincipalSID": "S-1-5-21-3354139931-896117953-3418065721-519",
          "PrincipalType": "Group",
          "RightName": "WriteOwner",
          "IsInherited": false
        },
        {
          "PrincipalSID": "S-1-5-21-3354139931-896117953-3418065721-519",
          "PrincipalType": "Group",
          "RightName": "GenericWrite",
          "IsInherited": false
        }
      ],
      "ObjectIdentifier": "B9DEE785-6F70-4B33-AC2A-95C1F295814A",
      "IsDeleted": false,
      "IsACLProtected": true,
      "ContainedBy": null
    },
    {
      "Properties": {
        "domain": "DOMAIN1.LOCAL",
        "name": "GPO_C1A347BF@DOMAIN1.LOCAL",
        "distinguishedname": "CN={EC252C9E-11FB-4849-9FE2-C24D75B81C1E},CN=POLICIES,CN=SYSTEM,DC=DOMAIN1,DC=LOCAL",
        "domainsid": "S-1-5-21-3354139931-896117953-3418065721",
        "isaclprotected": true,
        "description": null,
        "whencreated": 1669123066,
        "gpcpath": "\\\\DOMAIN1.LOCAL\\SYSVOL\\DOMAIN1.LOCAL\\POLICIES\\{EC252C9E-11FB-4849-9FE2-C24D75B81C1E}"
      },
      "Aces": [
        {
          "PrincipalSID": "S-1-5-21-3354139931-896117953-3418065721-512",
          "PrincipalType": "Group",
          "RightName": "Owns",
          "IsInherited": false
        },
        {
          "PrincipalSID": "S-1-5-21-3354139931-896117953-3418065721-512",
          "PrincipalType": "Group",
          "RightName": "WriteDacl",
          "IsInherited": false
        },
        {
          "PrincipalSID": "S-1-5-21-3354139931-896117953-3418065721-512",
          "PrincipalType": "Group",
          "RightName": "WriteOwner",
          "IsInherited": false
        },
        {
          "PrincipalSID": "S-1-5-21-3354139931-896117953-3418065721-512",
          "PrincipalType": "Group",
          "RightName": "GenericWrite",
          "IsInherited": false
        },
        {
          "PrincipalSID": "S-1-5-21-3354139931-896117953-3418065721-519",
          "PrincipalType": "Group",
          "RightName": "WriteDacl",
          "IsInherited": false
        },
        {
          "PrincipalSID": "S-1-5-21-3354139931-896117953-3418065721-519",
          "PrincipalType": "Group",
          "RightName": "WriteOwner",
          "IsInherited": false
        },
        {
          "PrincipalSID": "S-1-5-21-3354139931-896117953-3418065721-519",
          "PrincipalType": "Group",
          "RightName": "GenericWrite",
          "IsInherited": false
        }
      ],
      "ObjectIdentifier": "A9458549-40EB-4C78-99D8-BEB62E6EBDD9",
      "IsDeleted": false,
      "IsACLProtected": true,
      "ContainedBy": null
    },
    {
      "Properties": {
        "domain": "DOMAIN1.LOCAL",
        "name": "DEFAULT DOMAIN POLICY@DOMAIN1.LOCAL",
        "distinguishedname": "CN={008F16B5-9983-4E04-8560-B255C46B0EBF},CN=POLICIES,CN=SYSTEM,DC=DOMAIN1,DC=LOCAL",
        "domainsid": "S-1-5-21-3354139931-896117953-3418065721",
        "isaclprotected": true,
        "description": null,
        "whencreated": 1653361617,
        "gpcpath": "\\\\DOMAIN1.LOCAL\\SYSVOL\\DOMAIN1.LOCAL\\POLICIES\\{008F16B5-9983-4E04-8560-B255C46B0EBF}"
      },
      "Aces": [
        {
          "PrincipalSID": "S-1-5-21-3354139931-896117953-3418065721-512",
          "PrincipalType": "Group",
          "RightName": "Owns",
          "IsInherited": false
        },
        {
          "PrincipalSID": "S-1-5-21-3354139931-896117953-3418065721-512",
          "PrincipalType": "Group",
          "RightName": "WriteDacl",
          "IsInherited": false
        },
        {
          "PrincipalSID": "S-1-5-21-3354139931-896117953-3418065721-512",
          "PrincipalType": "Group",
          "RightName": "WriteOwner",
          "IsInherited": false
        },
        {
          "PrincipalSID": "S-1-5-21-3354139931-896117953-3418065721-512",
          "PrincipalType": "Group",
          "RightName": "GenericWrite",
          "IsInherited": false
        },
        {
          "PrincipalSID": "S-1-5-21-3354139931-896117953-3418065721-512",
          "PrincipalType": "Group",
          "RightName": "WriteDacl",
          "IsInherited": false
        },
        {
          "PrincipalSID": "S-1-5-21-3354139931-896117953-3418065721-512",
          "PrincipalType": "Group",
          "RightName": "WriteOwner",
          "IsInherited": false
        },
        {
          "PrincipalSID": "S-1-5-21-3354139931-896117953-3418065721-512",
          "PrincipalType": "Group",
          "RightName": "GenericWrite",
          "IsInherited": false
        },
        {
          "PrincipalSID": "S-1-5-21-3354139931-896117953-3418065721-519",
          "PrincipalType": "Group",
          "RightName": "WriteDacl",
          "IsInherited": false
        },
        {
          "PrincipalSID": "S-1-5-21-3354139931-896117953-3418065721-519",
          "PrincipalType": "Group",
          "RightName": "WriteOwner",
          "IsInherited": false
        },
        {
          "PrincipalSID": "S-1-5-21-3354139931-896117953-3418065721-519",
          "PrincipalType": "Group",
          "RightName": "GenericWrite",
          "IsInherited": false
        }
      ],
      "ObjectIdentifier": "F7A28DE3-953B-443C-855D-C22632A38C10",
      "IsDeleted": false,
      "IsACLProtected": true,
      "ContainedBy": null
    },
    {
      "Properties": {
        "domain": "DOMAIN1.LOCAL",
        "name": "GPO_4E379E04@DOMAIN1.LOCAL",
        "distinguishedname": "CN={2AC553AF-01C3-45EE-A63D-211C58E1E350},CN=POLICIES,CN=SYSTEM,DC=DOMAIN1,DC=LOCAL",
        "domainsid": "S-1-5-21-3354139931-896117953-3418065721",
        "isaclprotected": true,
        "description": null,
        "whencreated": 1676187360,
        "gpcpath": "\\\\DOMAIN1.LOCAL\\SYSVOL\\DOMAIN1.LOCAL\\POLICIES\\{2AC553AF-01C3-45EE-A63D-211C58E1E350}"
      },
      "Aces": [
        {
          "PrincipalSID": "S-1-5-21-3354139931-896117953-3418065721-512",
          "PrincipalType": "Group",
          "RightName": "Owns",
          "IsInherited": false
        },
        {
          "PrincipalSID": "S-1-5-21-3354139931-896117953-3418065721-512",
          "PrincipalType": "Group",
          "RightName": "WriteDacl",
          "IsInherited": false
        },
        {
          "PrincipalSID": "S-1-5-21-3354139931-896117953-3418065721-512",
          "PrincipalType": "Group",
          "RightName": "WriteOwner",
          "IsInherited": false
        },
        {
          "PrincipalSID": "S-1-5-21-3354139931-896117953-3418065721-512",
          "PrincipalType": "Group",
          "RightName": "GenericWrite",
          "IsInherited": false
        },
        {
          "PrincipalSID": "S-1-5-21-3354139931-896117953-3418065721-519",
          "PrincipalType": "Group",
          "RightName": "WriteDacl",
          "IsInherited": false
        },
        {
          "PrincipalSID": "S-1-5-21-3354139931-896117953-3418065721-519",
          "PrincipalType": "Group",
          "RightName": "WriteOwner",
          "IsInherited": false
        },
        {
          "PrincipalSID": "S-1-5-21-3354139931-896117953-3418065721-519",
          "PrincipalType": "Group",
          "RightName": "GenericWrite",
          "IsInherited": false
        }
      ],
      "ObjectIdentifier": "D7E457F6-9187-4F5F-9589-BD442017EE49",
      "IsDeleted": false,
      "IsACLProtected": true,
      "ContainedBy": null
    },
    {
      "Properties": {
        "domain": "DOMAIN1.LOCAL",
        "name": "GPO_77231012@DOMAIN1.LOCAL",
        "distinguishedname": "CN={C5CFA3EB-9F49-49A4-95E0-742CD3B18C10},CN=POLICIES,CN=SYSTEM,DC=DOMAIN1,DC=LOCAL",
        "domainsid": "S-1-5-21-3354139931-896117953-3418065721",
        "isaclprotected": true,
        "description": null,
        "whencreated": 1681261815,
        "gpcpath": "\\\\DOMAIN1.LOCAL\\SYSVOL\\DOMAIN1.LOCAL\\POLICIES\\{C5CFA3EB-9F49-49A4-95E0-742CD3B18C10}"
      },
      "Aces": [
        {
          "PrincipalSID": "S-1-5-21-3354139931-896117953-3418065721-512",
          "PrincipalType": "Group",
          "RightName": "Owns",
          "IsInherited": false
        },
        {
          "PrincipalSID": "S-1-5-21-3354139931-896117953-3418065721-512",
          "PrincipalType": "Group",
          "RightName": "WriteDacl",
          "IsInherited": false
        },
        {
          "PrincipalSID": "S-1-5-21-3354139931-896117953-3418065721-512",
          "PrincipalType": "Group",
          "RightName": "WriteOwner",
          "IsInherited": false
        },
        {
          "PrincipalSID": "S-1-5-21-3354139931-896117953-3418065721-512",
          "PrincipalType": "Group",
          "RightName": "GenericWrite",
          "IsInherited": false
        },
        {
          "PrincipalSID": "S-1-5-21-3354139931-896117953-3418065721-519",
          "PrincipalType": "Group",
          "RightName": "WriteDacl",
          "IsInherited": false
        },
        {
          "PrincipalSID": "S-1-5-21-3354139931-896117953-3418065721-519",
          "PrincipalType": "Group",
          "RightName": "WriteOwner",
          "IsInherited": false
        },
        {
          "PrincipalSID": "S-1-5-21-3354139931-896117953-3418065721-519",
          "PrincipalType": "Group",
          "RightName": "GenericWrite",
          "IsInherited": false
        }
      ],
      "ObjectIdentifier": "6FF5C62C-E0E5-4F86-95BC-B31DD87B2666",
      "IsDeleted": false,
      "IsACLProtected": true,
      "ContainedBy": null
    },
    {
      "Properties": {
        "domain": "DOMAIN1.LOCAL",
        "name": "GPO_944BB2AD@DOMAIN1.LOCAL",
        "distinguishedname": "CN={1036DD92-2CFA-4B09-9853-BCE9EE45961F},CN=POLICIES,CN=SYSTEM,DC=DOMAIN1,DC=LOCAL",
        "domainsid": "S-1-5-21-3354139931-896117953-3418065721",
        "isaclprotected": true,
        "description": null,
        "whencreated": 1676971426,
        "gpcpath": "\\\\DOMAIN1.LOCAL\\SYSVOL\\DOMAIN1.LOCAL\\POLICIES\\{1036DD92-2CFA-4B09-9853-BCE9EE45961F}"
      },
      "Aces": [
        {
          "PrincipalSID": "S-1-5-21-3354139931-896117953-3418065721-512",
          "PrincipalType": "Group",
          "RightName": "Owns",
          "IsInherited": false
        },
        {
          "PrincipalSID": "S-1-5-21-3354139931-896117953-3418065721-512",
          "PrincipalType": "Group",
          "RightName": "WriteDacl",
          "IsInherited": false
        },
        {
          "PrincipalSID": "S-1-5-21-3354139931-896117953-3418065721-512",
          "PrincipalType": "Group",
          "RightName": "WriteOwner",
          "IsInherited": false
        },
        {
          "PrincipalSID": "S-1-5-21-3354139931-896117953-3418065721-512",
          "PrincipalType": "Group",
          "RightName": "GenericWrite",
          "IsInherited": false
        },
        {
          "PrincipalSID": "S-1-5-21-3354139931-896117953-3418065721-519",
          "PrincipalType": "Group",
          "RightName": "WriteDacl",
          "IsInherited": false
        },
        {
          "PrincipalSID": "S-1-5-21-3354139931-896117953-3418065721-519",
          "PrincipalType": "Group",
          "RightName": "WriteOwner",
          "IsInherited": false
        },
        {
          "PrincipalSID": "S-1-5-21-3354139931-896117953-3418065721-519",
          "PrincipalType": "Group",
          "RightName": "GenericWrite",
          "IsInherited": false
        }
      ],
      "ObjectIdentifier": "44434890-8F17-4FA0-AC03-15F43140A23F",
      "IsDeleted": false,
      "IsACLProtected": true,
      "ContainedBy": null
    },
    {
      "Properties": {
        "domain": "DOMAIN1.LOCAL",
        "name": "GPO_F52EDE39@DOMAIN1.LOCAL",
        "distinguishedname": "CN={57C71D1F-871E-4FFF-B1F6-5BB3B9D2AE79},CN=POLICIES,CN=SYSTEM,DC=DOMAIN1,DC=LOCAL",
        "domainsid": "S-1-5-21-3354139931-896117953-3418065721",
        "isaclprotected": true,
        "description": null,
        "whencreated": 1675666626,
        "gpcpath": "\\\\DOMAIN1.LOCAL\\SYSVOL\\DOMAIN1.LOCAL\\POLICIES\\{57C71D1F-871E-4FFF-B1F6-5BB3B9D2AE79}"
      },
      "Aces": [
        {
          "PrincipalSID": "S-1-5-21-3354139931-896117953-3418065721-512",
          "PrincipalType": "Group",
          "RightName": "Owns",
          "IsInherited": false
        },
        {
          "PrincipalSID": "S-1-5-21-3354139931-896117953-3418065721-512",
          "PrincipalType": "Group",
          "RightName": "WriteDacl",
          "IsInherited": false
        },
        {
          "PrincipalSID": "S-1-5-21-3354139931-896117953-3418065721-512",
          "PrincipalType": "Group",
          "RightName": "WriteOwner",
          "IsInherited": false
        },
        {
          "PrincipalSID": "S-1-5-21-3354139931-896117953-3418065721-512",
          "PrincipalType": "Group",
          "RightName": "GenericWrite",
          "IsInherited": false
        },
        {
          "PrincipalSID": "S-1-5-21-3354139931-896117953-3418065721-519",
          "PrincipalType": "Group",
          "RightName": "WriteDacl",
          "IsInherited": false
        },
        {
          "PrincipalSID": "S-1-5-21-3354139931-896117953-3418065721-519",
          "PrincipalType": "Group",
          "RightName": "WriteOwner",
          "IsInherited": false
        },
        {
          "PrincipalSID": "S-1-5-21-3354139931-896117953-3418065721-519",
          "PrincipalType": "Group",
          "RightName": "GenericWrite",
          "IsInherited": false
        }
      ],
      "ObjectIdentifier": "B2043400-5126-4E0F-8FA3-23522FE08A55",
      "IsDeleted": false,
      "IsACLProtected": true,
      "ContainedBy": null
    },
    {
      "Properties": {
        "domain": "DOMAIN1.LOCAL",
        "name": "GPO_F7A77EEB@DOMAIN1.LOCAL",
        "distinguishedname": "CN={E1B47100-51A3-4157-BD62-19FA97F06E5C},CN=POLICIES,CN=SYSTEM,DC=DOMAIN1,DC=LOCAL",
        "domainsid": "S-1-5-21-3354139931-896117953-3418065721",
        "isaclprotected": true,
        "description": null,
        "whencreated": 1674189197,
        "gpcpath": "\\\\DOMAIN1.LOCAL\\SYSVOL\\DOMAIN1.LOCAL\\POLICIES\\{E1B47100-51A3-4157-BD62-19FA97F06E5C}"
      },
      "Aces": [
        {
          "PrincipalSID": "S-1-5-21-3354139931-896117953-3418065721-512",
          "PrincipalType": "Group",
          "RightName": "Owns",
          "IsInherited": false
        },
        {
          "PrincipalSID": "S-1-5-21-3354139931-896117953-3418065721-512",
          "PrincipalType": "Group",
          "RightName": "WriteDacl",
          "IsInherited": false
        },
        {
          "PrincipalSID": "S-1-5-21-3354139931-896117953-3418065721-512",
          "PrincipalType": "Group",
          "RightName": "WriteOwner",
          "IsInherited": false
        },
        {
          "PrincipalSID": "S-1-5-21-3354139931-896117953-3418065721-512",
          "PrincipalType": "Group",
          "RightName": "GenericWrite",
          "IsInherited": false
        },
        {
          "PrincipalSID": "S-1-5-21-3354139931-896117953-3418065721-519",
          "PrincipalType": "Group",
          "RightName": "WriteDacl",
          "IsInherited": false
        },
        {
          "PrincipalSID": "S-1-5-21-3354139931-896117953-3418065721-519",
          "PrincipalType": "Group",
          "RightName": "WriteOwner",
          "IsInherited": false
        },
        {
          "PrincipalSID": "S-1-5-21-3354139931-896117953-3418065721-519",
          "PrincipalType": "Group",
          "RightName": "GenericWrite",
          "IsInherited": false
        }
      ],
      "ObjectIdentifier": "FE515512-C497-488F-94A8-024F5968F37A",
      "IsDeleted": false,
      "IsACLProtected": true,
      "ContainedBy": null
    },
    {
      "Properties": {
        "domain": "DOMAIN1.LOCAL",
        "name": "GPO_A24FF924@DOMAIN1.LOCAL",
        "distinguishedname": "CN={862EC546-3D61-4025-A2F7-2C41D14574F0},CN=POLICIES,CN=SYSTEM,DC=DOMAIN1,DC=LOCAL",
        "domainsid": "S-1-5-21-3354139931-896117953-3418065721",
        "isaclprotected": true,
        "description": null,
        "whencreated": 1667269575,
        "gpcpath": "\\\\DOMAIN1.LOCAL\\SYSVOL\\DOMAIN1.LOCAL\\POLICIES\\{862EC546-3D61-4025-A2F7-2C41D14574F0}"
      },
      "Aces": [
        {
          "PrincipalSID": "S-1-5-21-3354139931-896117953-3418065721-512",
          "PrincipalType": "Group",
          "RightName": "Owns",
          "IsInherited": false
        },
        {
          "PrincipalSID": "S-1-5-21-3354139931-896117953-3418065721-512",
          "PrincipalType": "Group",
          "RightName": "WriteDacl",
          "IsInherited": false
        },
        {
          "PrincipalSID": "S-1-5-21-3354139931-896117953-3418065721-512",
          "PrincipalType": "Group",
          "RightName": "WriteOwner",
          "IsInherited": false
        },
        {
          "PrincipalSID": "S-1-5-21-3354139931-896117953-3418065721-512",
          "PrincipalType": "Group",
          "RightName": "GenericWrite",
          "IsInherited": false
        },
        {
          "PrincipalSID": "S-1-5-21-3354139931-896117953-3418065721-519",
          "PrincipalType": "Group",
          "RightName": "WriteDacl",
          "IsInherited": false
        },
        {
          "PrincipalSID": "S-1-5-21-3354139931-896117953-3418065721-519",
          "PrincipalType": "Group",
          "RightName": "WriteOwner",
          "IsInherited": false
        },
        {
          "PrincipalSID": "S-1-5-21-3354139931-896117953-3418065721-519",
          "PrincipalType": "Group",
          "RightName": "GenericWrite",
          "IsInherited": false
        }
      ],
      "ObjectIdentifier": "CA179906-F824-4A3F-A257-D61BB3A734E2",
      "IsDeleted": false,
      "IsACLProtected": true,
      "ContainedBy": null
    },
    {
      "Properties": {
        "domain": "DOMAIN1.LOCAL",
        "name": "GPO_1D1A7D6A@DOMAIN1.LOCAL",
        "distinguishedname": "CN={62F709F5-E3EB-4DF6-BC09-6434E0C49B00},CN=POLICIES,CN=SYSTEM,DC=DOMAIN1,DC=LOCAL",
        "domainsid": "S-1-5-21-3354139931-896117953-3418065721",
        "isaclprotected": true,
        "description": null,
        "whencreated": 1674189538,
        "gpcpath": "\\\\DOMAIN1.LOCAL\\SYSVOL\\DOMAIN1.LOCAL\\POLICIES\\{62F709F5-E3EB-4DF6-BC09-6434E0C49B00}"
      },
      "Aces": [
        {
          "PrincipalSID": "S-1-5-21-3354139931-896117953-3418065721-512",
          "PrincipalType": "Group",
          "RightName": "Owns",
          "IsInherited": false
        },
        {
          "PrincipalSID": "S-1-5-21-3354139931-896117953-3418065721-512",
          "PrincipalType": "Group",
          "RightName": "WriteDacl",
          "IsInherited": false
        },
        {
          "PrincipalSID": "S-1-5-21-3354139931-896117953-3418065721-512",
          "PrincipalType": "Group",
          "RightName": "WriteOwner",
          "IsInherited": false
        },
        {
          "PrincipalSID": "S-1-5-21-3354139931-896117953-3418065721-512",
          "PrincipalType": "Group",
          "RightName": "GenericWrite",
          "IsInherited": false
        },
        {
          "PrincipalSID": "S-1-5-21-3354139931-896117953-3418065721-519",
          "PrincipalType": "Group",
          "RightName": "WriteDacl",
          "IsInherited": false
        },
        {
          "PrincipalSID": "S-1-5-21-3354139931-896117953-3418065721-519",
          "PrincipalType": "Group",
          "RightName": "WriteOwner",
          "IsInherited": false
        },
        {
          "PrincipalSID": "S-1-5-21-3354139931-896117953-3418065721-519",
          "PrincipalType": "Group",
          "RightName": "GenericWrite",
          "IsInherited": false
        }
      ],
      "ObjectIdentifier": "5B9D7FC2-28FC-4D4E-8C78-F4339AEFBCB0",
      "IsDeleted": false,
      "IsACLProtected": true,
      "ContainedBy": null
    },
    {
      "Properties": {
        "domain": "DOMAIN1.LOCAL",
        "name": "GPO_59D9C46E@DOMAIN1.LOCAL",
        "distinguishedname": "CN={F49382A3-7DFD-4DEA-8F7A-10BF18208EE6},CN=POLICIES,CN=SYSTEM,DC=DOMAIN1,DC=LOCAL",
        "domainsid": "S-1-5-21-3354139931-896117953-3418065721",
        "isaclprotected": true,
        "description": null,
        "whencreated": 1664358917,
        "gpcpath": "\\\\DOMAIN1.LOCAL\\SYSVOL\\DOMAIN1.LOCAL\\POLICIES\\{F49382A3-7DFD-4DEA-8F7A-10BF18208EE6}"
      },
      "Aces": [
        {
          "PrincipalSID": "S-1-5-21-3354139931-896117953-3418065721-512",
          "PrincipalType": "Group",
          "RightName": "Owns",
          "IsInherited": false
        },
        {
          "PrincipalSID": "S-1-5-21-3354139931-896117953-3418065721-512",
          "PrincipalType": "Group",
          "RightName": "WriteDacl",
          "IsInherited": false
        },
        {
          "PrincipalSID": "S-1-5-21-3354139931-896117953-3418065721-512",
          "PrincipalType": "Group",
          "RightName": "WriteOwner",
          "IsInherited": false
        },
        {
          "PrincipalSID": "S-1-5-21-3354139931-896117953-3418065721-512",
          "PrincipalType": "Group",
          "RightName": "GenericWrite",
          "IsInherited": false
        },
        {
          "PrincipalSID": "S-1-5-21-3354139931-896117953-3418065721-519",
          "PrincipalType": "Group",
          "RightName": "WriteDacl",
          "IsInherited": false
        },
        {
          "PrincipalSID": "S-1-5-21-3354139931-896117953-3418065721-519",
          "PrincipalType": "Group",
          "RightName": "WriteOwner",
          "IsInherited": false
        },
        {
          "PrincipalSID": "S-1-5-21-3354139931-896117953-3418065721-519",
          "PrincipalType": "Group",
          "RightName": "GenericWrite",
          "IsInherited": false
        }
      ],
      "ObjectIdentifier": "42907E43-7C3F-402F-B2C9-99187D9A58F5",
      "IsDeleted": false,
      "IsACLProtected": true,
      "ContainedBy": null
    },
    {
      "Properties": {
        "domain": "DOMAIN1.LOCAL",
        "name": "GPO_3A21C081@DOMAIN1.LOCAL",
        "distinguishedname": "CN={CF692649-79DD-4E2B-8E07-CF02EC7212F1},CN=POLICIES,CN=SYSTEM,DC=DOMAIN1,DC=LOCAL",
        "domainsid": "S-1-5-21-3354139931-896117953-3418065721",
        "isaclprotected": true,
        "description": null,
        "whencreated": 1706599399,
        "gpcpath": "\\\\DOMAIN1.LOCAL\\SYSVOL\\DOMAIN1.LOCAL\\POLICIES\\{CF692649-79DD-4E2B-8E07-CF02EC7212F1}"
      },
      "Aces": [
        {
          "PrincipalSID": "S-1-5-21-3354139931-896117953-3418065721-512",
          "PrincipalType": "Group",
          "RightName": "Owns",
          "IsInherited": false
        },
        {
          "PrincipalSID": "S-1-5-21-3354139931-896117953-3418065721-512",
          "PrincipalType": "Group",
          "RightName": "WriteDacl",
          "IsInherited": false
        },
        {
          "PrincipalSID": "S-1-5-21-3354139931-896117953-3418065721-512",
          "PrincipalType": "Group",
          "RightName": "WriteOwner",
          "IsInherited": false
        },
        {
          "PrincipalSID": "S-1-5-21-3354139931-896117953-3418065721-512",
          "PrincipalType": "Group",
          "RightName": "GenericWrite",
          "IsInherited": false
        },
        {
          "PrincipalSID": "S-1-5-21-3354139931-896117953-3418065721-519",
          "PrincipalType": "Group",
          "RightName": "WriteDacl",
          "IsInherited": false
        },
        {
          "PrincipalSID": "S-1-5-21-3354139931-896117953-3418065721-519",
          "PrincipalType": "Group",
          "RightName": "WriteOwner",
          "IsInherited": false
        },
        {
          "PrincipalSID": "S-1-5-21-3354139931-896117953-3418065721-519",
          "PrincipalType": "Group",
          "RightName": "GenericWrite",
          "IsInherited": false
        }
      ],
      "ObjectIdentifier": "15F95B7D-F2EC-4D7C-90EF-DFC1324BD2A6",
      "IsDeleted": false,
      "IsACLProtected": true,
      "ContainedBy": null
    },
    {
      "Properties": {
        "domain": "DOMAIN1.LOCAL",
        "name": "GPO_98AA1BFD@DOMAIN1.LOCAL",
        "distinguishedname": "CN={4AEAFD4D-7B06-467E-87C1-739B3B9FAB9A},CN=POLICIES,CN=SYSTEM,DC=DOMAIN1,DC=LOCAL",
        "domainsid": "S-1-5-21-3354139931-896117953-3418065721",
        "isaclprotected": true,
        "description": null,
        "whencreated": 1678893435,
        "gpcpath": "\\\\DOMAIN1.LOCAL\\SYSVOL\\DOMAIN1.LOCAL\\POLICIES\\{4AEAFD4D-7B06-467E-87C1-739B3B9FAB9A}"
      },
      "Aces": [
        {
          "PrincipalSID": "S-1-5-21-3354139931-896117953-3418065721-512",
          "PrincipalType": "Group",
          "RightName": "Owns",
          "IsInherited": false
        },
        {
          "PrincipalSID": "S-1-5-21-3354139931-896117953-3418065721-512",
          "PrincipalType": "Group",
          "RightName": "WriteDacl",
          "IsInherited": false
        },
        {
          "PrincipalSID": "S-1-5-21-3354139931-896117953-3418065721-512",
          "PrincipalType": "Group",
          "RightName": "WriteOwner",
          "IsInherited": false
        },
        {
          "PrincipalSID": "S-1-5-21-3354139931-896117953-3418065721-512",
          "PrincipalType": "Group",
          "RightName": "GenericWrite",
          "IsInherited": false
        },
        {
          "PrincipalSID": "S-1-5-21-3354139931-896117953-3418065721-519",
          "PrincipalType": "Group",
          "RightName": "WriteDacl",
          "IsInherited": false
        },
        {
          "PrincipalSID": "S-1-5-21-3354139931-896117953-3418065721-519",
          "PrincipalType": "Group",
          "RightName": "WriteOwner",
          "IsInherited": false
        },
        {
          "PrincipalSID": "S-1-5-21-3354139931-896117953-3418065721-519",
          "PrincipalType": "Group",
          "RightName": "GenericWrite",
          "IsInherited": false
        }
      ],
      "ObjectIdentifier": "911CEFB9-546A-471C-BB3A-DDFCFAA209D5",
      "IsDeleted": false,
      "IsACLProtected": true,
      "ContainedBy": null
    },
    {
      "Properties": {
        "domain": "DOMAIN1.LOCAL",
        "name": "GPO_0AF0C70E@DOMAIN1.LOCAL",
        "distinguishedname": "CN={EA29578E-BF0B-4F22-A2CE-D041D0A7FB65},CN=POLICIES,CN=SYSTEM,DC=DOMAIN1,DC=LOCAL",
        "domainsid": "S-1-5-21-3354139931-896117953-3418065721",
        "isaclprotected": true,
        "description": null,
        "whencreated": 1664356379,
        "gpcpath": "\\\\DOMAIN1.LOCAL\\SYSVOL\\DOMAIN1.LOCAL\\POLICIES\\{EA29578E-BF0B-4F22-A2CE-D041D0A7FB65}"
      },
      "Aces": [
        {
          "PrincipalSID": "S-1-5-21-3354139931-896117953-3418065721-512",
          "PrincipalType": "Group",
          "RightName": "Owns",
          "IsInherited": false
        },
        {
          "PrincipalSID": "S-1-5-21-3354139931-896117953-3418065721-512",
          "PrincipalType": "Group",
          "RightName": "WriteDacl",
          "IsInherited": false
        },
        {
          "PrincipalSID": "S-1-5-21-3354139931-896117953-3418065721-512",
          "PrincipalType": "Group",
          "RightName": "WriteOwner",
          "IsInherited": false
        },
        {
          "PrincipalSID": "S-1-5-21-3354139931-896117953-3418065721-512",
          "PrincipalType": "Group",
          "RightName": "GenericWrite",
          "IsInherited": false
        },
        {
          "PrincipalSID": "S-1-5-21-3354139931-896117953-3418065721-519",
          "PrincipalType": "Group",
          "RightName": "WriteDacl",
          "IsInherited": false
        },
        {
          "PrincipalSID": "S-1-5-21-3354139931-896117953-3418065721-519",
          "PrincipalType": "Group",
          "RightName": "WriteOwner",
          "IsInherited": false
        },
        {
          "PrincipalSID": "S-1-5-21-3354139931-896117953-3418065721-519",
          "PrincipalType": "Group",
          "RightName": "GenericWrite",
          "IsInherited": false
        }
      ],
      "ObjectIdentifier": "46FA33F8-DE06-4194-A466-3BFF03CD77EC",
      "IsDeleted": false,
      "IsACLProtected": true,
      "ContainedBy": null
    },
    {
      "Properties": {
        "domain": "DOMAIN1.LOCAL",
        "name": "GPO_2D48D449@DOMAIN1.LOCAL",
        "distinguishedname": "CN={03B1D52F-3B8B-40AF-90F7-031397EAC48C},CN=POLICIES,CN=SYSTEM,DC=DOMAIN1,DC=LOCAL",
        "domainsid": "S-1-5-21-3354139931-896117953-3418065721",
        "isaclprotected": true,
        "description": null,
        "whencreated": 1687425258,
        "gpcpath": "\\\\DOMAIN1.LOCAL\\SYSVOL\\DOMAIN1.LOCAL\\POLICIES\\{03B1D52F-3B8B-40AF-90F7-031397EAC48C}"
      },
      "Aces": [
        {
          "PrincipalSID": "S-1-5-21-3354139931-896117953-3418065721-2175",
          "PrincipalType": "User",
          "RightName": "Owns",
          "IsInherited": false
        },
        {
          "PrincipalSID": "S-1-5-21-3354139931-896117953-3418065721-512",
          "PrincipalType": "Group",
          "RightName": "WriteDacl",
          "IsInherited": false
        },
        {
          "PrincipalSID": "S-1-5-21-3354139931-896117953-3418065721-512",
          "PrincipalType": "Group",
          "RightName": "WriteOwner",
          "IsInherited": false
        },
        {
          "PrincipalSID": "S-1-5-21-3354139931-896117953-3418065721-512",
          "PrincipalType": "Group",
          "RightName": "GenericWrite",
          "IsInherited": false
        },
        {
          "PrincipalSID": "S-1-5-21-3354139931-896117953-3418065721-519",
          "PrincipalType": "Group",
          "RightName": "WriteDacl",
          "IsInherited": false
        },
        {
          "PrincipalSID": "S-1-5-21-3354139931-896117953-3418065721-519",
          "PrincipalType": "Group",
          "RightName": "WriteOwner",
          "IsInherited": false
        },
        {
          "PrincipalSID": "S-1-5-21-3354139931-896117953-3418065721-519",
          "PrincipalType": "Group",
          "RightName": "GenericWrite",
          "IsInherited": false
        },
        {
          "PrincipalSID": "S-1-5-21-3354139931-896117953-3418065721-2175",
          "PrincipalType": "User",
          "RightName": "WriteDacl",
          "IsInherited": false
        },
        {
          "PrincipalSID": "S-1-5-21-3354139931-896117953-3418065721-2175",
          "PrincipalType": "User",
          "RightName": "WriteOwner",
          "IsInherited": false
        },
        {
          "PrincipalSID": "S-1-5-21-3354139931-896117953-3418065721-2175",
          "PrincipalType": "User",
          "RightName": "GenericWrite",
          "IsInherited": false
        }
      ],
      "ObjectIdentifier": "16D2F49D-F4D9-459F-9CBE-D5C07FD5B255",
      "IsDeleted": false,
      "IsACLProtected": true,
      "ContainedBy": null
    },
    {
      "Properties": {
        "domain": "DOMAIN1.LOCAL",
        "name": "GPO_BE3EBBA5@DOMAIN1.LOCAL",
        "distinguishedname": "CN={6F15BFBE-1A83-4227-A82B-6B1ECA4AA641},CN=POLICIES,CN=SYSTEM,DC=DOMAIN1,DC=LOCAL",
        "domainsid": "S-1-5-21-3354139931-896117953-3418065721",
        "isaclprotected": true,
        "description": null,
        "whencreated": 1665582440,
        "gpcpath": "\\\\DOMAIN1.LOCAL\\SYSVOL\\DOMAIN1.LOCAL\\POLICIES\\{6F15BFBE-1A83-4227-A82B-6B1ECA4AA641}"
      },
      "Aces": [
        {
          "PrincipalSID": "S-1-5-21-3354139931-896117953-3418065721-512",
          "PrincipalType": "Group",
          "RightName": "Owns",
          "IsInherited": false
        },
        {
          "PrincipalSID": "S-1-5-21-3354139931-896117953-3418065721-512",
          "PrincipalType": "Group",
          "RightName": "WriteDacl",
          "IsInherited": false
        },
        {
          "PrincipalSID": "S-1-5-21-3354139931-896117953-3418065721-512",
          "PrincipalType": "Group",
          "RightName": "WriteOwner",
          "IsInherited": false
        },
        {
          "PrincipalSID": "S-1-5-21-3354139931-896117953-3418065721-512",
          "PrincipalType": "Group",
          "RightName": "GenericWrite",
          "IsInherited": false
        },
        {
          "PrincipalSID": "S-1-5-21-3354139931-896117953-3418065721-519",
          "PrincipalType": "Group",
          "RightName": "WriteDacl",
          "IsInherited": false
        },
        {
          "PrincipalSID": "S-1-5-21-3354139931-896117953-3418065721-519",
          "PrincipalType": "Group",
          "RightName": "WriteOwner",
          "IsInherited": false
        },
        {
          "PrincipalSID": "S-1-5-21-3354139931-896117953-3418065721-519",
          "PrincipalType": "Group",
          "RightName": "GenericWrite",
          "IsInherited": false
        }
      ],
      "ObjectIdentifier": "C9D1B089-1E8B-4934-828A-792EA22B047D",
      "IsDeleted": false,
      "IsACLProtected": true,
      "ContainedBy": null
    },
    {
      "Properties": {
        "domain": "DOMAIN1.LOCAL",
        "name": "GPO_1FC49DEC@DOMAIN1.LOCAL",
        "distinguishedname": "CN={70C65F43-2D83-4526-B3D3-6C266486A76B},CN=POLICIES,CN=SYSTEM,DC=DOMAIN1,DC=LOCAL",
        "domainsid": "S-1-5-21-3354139931-896117953-3418065721",
        "isaclprotected": true,
        "description": null,
        "whencreated": 1681262047,
        "gpcpath": "\\\\DOMAIN1.LOCAL\\SYSVOL\\DOMAIN1.LOCAL\\POLICIES\\{70C65F43-2D83-4526-B3D3-6C266486A76B}"
      },
      "Aces": [
        {
          "PrincipalSID": "S-1-5-21-3354139931-896117953-3418065721-512",
          "PrincipalType": "Group",
          "RightName": "Owns",
          "IsInherited": false
        },
        {
          "PrincipalSID": "S-1-5-21-3354139931-896117953-3418065721-512",
          "PrincipalType": "Group",
          "RightName": "WriteDacl",
          "IsInherited": false
        },
        {
          "PrincipalSID": "S-1-5-21-3354139931-896117953-3418065721-512",
          "PrincipalType": "Group",
          "RightName": "WriteOwner",
          "IsInherited": false
        },
        {
          "PrincipalSID": "S-1-5-21-3354139931-896117953-3418065721-512",
          "PrincipalType": "Group",
          "RightName": "GenericWrite",
          "IsInherited": false
        },
        {
          "PrincipalSID": "S-1-5-21-3354139931-896117953-3418065721-519",
          "PrincipalType": "Group",
          "RightName": "WriteDacl",
          "IsInherited": false
        },
        {
          "PrincipalSID": "S-1-5-21-3354139931-896117953-3418065721-519",
          "PrincipalType": "Group",
          "RightName": "WriteOwner",
          "IsInherited": false
        },
        {
          "PrincipalSID": "S-1-5-21-3354139931-896117953-3418065721-519",
          "PrincipalType": "Group",
          "RightName": "GenericWrite",
          "IsInherited": false
        },
        {
          "PrincipalSID": "S-1-5-21-3354139931-896117953-3418065721-2178",
          "PrincipalType": "Group",
          "RightName": "GenericWrite",
          "IsInherited": false
        }
      ],
      "ObjectIdentifier": "8A31567F-6CEC-49E6-A355-4D3E4FDBE11F",
      "IsDeleted": false,
      "IsACLProtected": true,
      "ContainedBy": null
    }
  ],
  "meta": {
    "methods": 521215,
    "type": "gpos",
    "count": 22,
    "version": 6
  }
}