{
  "data": [
    {
      "Properties": {
        "domain": "DOMAIN4.LOCAL",
        "name": "AIACA_D898E055@DOMAIN4.LOCAL",
        "distinguishedname": "CN=AIACA_D898E055,CN=AIA,CN=PUBLIC KEY SERVICES,CN=SERVICES,CN=CONFIGURATION,DC=DOMAIN4,DC=LOCAL",
        "domainsid": "S-1-5-21-3371459185-1406607600-1583401892",
        "isaclprotected": false,
        "description": null,
        "whencreated": 1683819999,
        "crosscertificatepair": [],
        "hascrosscertificatepair": false,
        "certthumbprint": "C2F20D4BB3B82BE6A20BCBF681743673B0F96CDA",
        "certname": "C2F20D4BB3B82BE6A20BCBF681743673B0F96CDA",
        "certchain": [
          "C2F20D4BB3B82BE6A20BCBF681743673B0F96CDA"
        ],
        "hasbasicconstraints": false,
        "basicconstraintpathlength": 0
      },
      "Aces": [
        {
          "PrincipalSID": "S-1-5-21-3371459185-1406607600-1583401892-519",
          "PrincipalType": "Group",
          "RightName": "Owns",
          "IsInherited": false
        },
        {
          "PrincipalSID": "DOMAIN4.LOCAL-S-1-5-32-544",
          "PrincipalType": "Group",
          "RightName": "GenericAll",
          "IsInherited": false
        },
        {
          "PrincipalSID": "S-1-5-21-3371459185-1406607600-1583401892-512",
          "PrincipalType": "Group",
          "RightName": "GenericAll",
          "IsInherited": false
        },
        {
          "PrincipalSID": "S-1-5-21-3371459185-1406607600-1583401892-519",
          "PrincipalType": "Group",
          "RightName": "GenericAll",
          "IsInherited": false
        },
        {
          "PrincipalSID": "S-1-5-21-3371459185-1406607600-1583401892-1120",
          "PrincipalType": "Computer",
          "RightName": "GenericAll",
          "IsInherited": false
        },
        {
          "PrincipalSID": "S-1-5-21-3371459185-1406607600-1583401892-519",
          "PrincipalType": "Group",
          "RightName": "GenericAll",
          "IsInherited": true
        },
        {
          "PrincipalSID": "S-1-5-21-3371459185-1406607600-1583401892-512",
          "PrincipalType": "Group",
          "RightName": "WriteDacl",
          "IsInherited": true
        },
        {
          "PrincipalSID": "S-1-5-21-3371459185-1406607600-1583401892-512",
          "PrincipalType": "Group",
          "RightName": "WriteOwner",
          "IsInherited": true
        }
      ],
      "ObjectIdentifier": "AA756FE9-FB1A-4D15-9DCB-4FEE9598AF77",
      "IsDeleted": false,
      "IsACLProtected": false,
      "ContainedBy": {
        "ObjectIdentifier": "904BD5FC-B45E-448C-B0B6-3B78DF60AB14",
        "ObjectType": "Container"
      }
    },
    {
      "Properties": {
        "domain": "DOMAIN4.LOCAL",
        "name": "AIACA_B269E709@DOMAIN4.LOCAL",
        "distinguishedname": "CN=AIACA_B269E709,CN=AIA,CN=PUBLIC KEY SERVICES,CN=SERVICES,CN=CONFIGURATION,DC=DOMAIN4,DC=LOCAL",
        "domainsid": "S-1-5-21-3371459185-1406607600-1583401892",
        "isaclprotected": false,
        "description": null,
        "whencreated": 1699345952,
        "crosscertificatepair": [],
        "hascrosscertificatepair": false,
        "certthumbprint": "CE0A4547DCD22F5AB81B7870C49A509D4E85B66B",
        "certname": "CE0A4547DCD22F5AB81B7870C49A509D4E85B66B",
        "certchain": [
          "CE0A4547DCD22F5AB81B7870C49A509D4E85B66B",
          "C2F20D4BB3B82BE6A20BCBF681743673B0F96CDA"
        ],
        "hasbasicconstraints": false,
        "basicconstraintpathlength": 0
      },
      "Aces": [
        {
          "PrincipalSID": "S-1-5-21-3371459185-1406607600-1583401892-519",
          "PrincipalType": "Group",
          "RightName": "Owns",
          "IsInherited": false
        },
        {
          "PrincipalSID": "DOMAIN4.LOCAL-S-1-5-32-544",
          "PrincipalType": "Group",
          "RightName": "GenericAll",
          "IsInherited": false
        },
        {
          "PrincipalSID": "S-1-5-21-3371459185-1406607600-1583401892-512",
          "PrincipalType": "Group",
          "RightName": "GenericAll",
          "IsInherited": false
        },
        {
          "PrincipalSID": "S-1-5-21-3371459185-1406607600-1583401892-519",
          "PrincipalType": "Group",
          "RightName": "GenericAll",
          "IsInherited": false
        },
        {
          "PrincipalSID": "S-1-5-21-3371459185-1406607600-1583401892-1169",
          "PrincipalType": "Computer",
          "RightName": "GenericAll",
          "IsInherited": false
        },
        {
          "PrincipalSID": "S-1-5-21-3371459185-1406607600-1583401892-519",
          "PrincipalType": "Group",
          "RightName": "GenericAll",
          "IsInherited": true
        },
        {
          "PrincipalSID": "S-1-5-21-3371459185-1406607600-1583401892-512",
          "PrincipalType": "Group",
          "RightName": "WriteDacl",
          "IsInherited": true
        },
        {
          "PrincipalSID": "S-1-5-21-3371459185-1406607600-1583401892-512",
          "PrincipalType": "Group",
          "RightName": "WriteOwner",
          "IsInherited": true
        }
      ],
      "ObjectIdentifier": "531747AF-BF4C-4DAF-8C6B-64D6BB967160",
      "IsDeleted": false,
      "IsACLProtected": false,
      "ContainedBy": {
        "ObjectIdentifier": "904BD5FC-B45E-448C-B0B6-3B78DF60AB14",
        "ObjectType": "Container"
      }
    }
  ],
  "meta": {
    "methods": 521215,
    "type": "aiacas",
    "count": 2,
    "version": 6
  }
}