{
  "data": [
    {
      "GPOChanges": {
        "LocalAdmins": [],
        "RemoteDesktopUsers": [],
        "DcomUsers": [],
        "PSRemoteUsers": [],
        "AffectedComputers": []
      },
      "Properties": {
        "domain": "DOMAIN1.LOCAL",
        "name": "USERS@DOMAIN1.LOCAL",
        "distinguishedname": "OU=USERS,OU=TIER1,DC=DOMAIN1,DC=LOCAL",
        "domainsid": "S-1-5-21-3354139931-896117953-3418065721",
        "isaclprotected": false,
        "description": null,
        "whencreated": 1664356125,
        "blocksinheritance": false
      },
      "Links": [],
      "ChildObjects": [],
      "Aces": [
        {
          "PrincipalSID": "S-1-5-21-3354139931-896117953-3418065721-512",
          "PrincipalType": "Group",
          "RightName": "Owns",
          "IsInherited": false
        },
        {
          "PrincipalSID": "S-1-5-21-3354139931-896117953-3418065721-512",
          "PrincipalType": "Group",
          "RightName": "GenericAll",
          "IsInherited": false
        },
        {
          "PrincipalSID": "S-1-5-21-3354139931-896117953-3418065721-519",
          "PrincipalType": "Group",
          "RightName": "GenericAll",
          "IsInherited": true
        },
        {
          "PrincipalSID": "DOMAIN1.LOCAL-S-1-5-32-544",
          "PrincipalType": "Group",
          "RightName": "WriteDacl",
          "IsInherited": true
        },
        {
          "PrincipalSID": "DOMAIN1.LOCAL-S-1-5-32-544",
          "PrincipalType": "Group",
          "RightName": "WriteOwner",
          "IsInherited": true
        }
      ],
      "ObjectIdentifier": "7F3E7E16-B0E4-4514-89CF-A5481EE834BD",
      "IsDeleted": false,
      "IsACLProtected": false,
      "ContainedBy": {
        "ObjectIdentifier": "3E829BA4-C27C-4373-BE24-0A460EA70FEB",
        "ObjectType": "OU"
      }
    },
    {
      "GPOChanges": {
        "LocalAdmins": [],
        "RemoteDesktopUsers": [],
        "DcomUsers": [],
        "PSRemoteUsers": [],
        "AffectedComputers": []
      },
      "Properties": {
        "domain": "DOMAIN1.LOCAL",
        "name": "OU_06A3DE@DOMAIN1.LOCAL",
        "distinguishedname": "OU=OU_06A3DE,DC=DOMAIN1,DC=LOCAL",
        "domainsid": "S-1-5-21-3354139931-896117953-3418065721",
        "isaclprotected": false,
        "description": null,
        "whencreated": 1678280527,
        "blocksinheritance": false
      },
      "Links": [],
      "ChildObjects": [],
      "Aces": [
        {
          "PrincipalSID": "S-1-5-21-3354139931-896117953-3418065721-512",
          "PrincipalType": "Group",
          "RightName": "Owns",
          "IsInherited": false
        },
        {
          "PrincipalSID": "S-1-5-21-3354139931-896117953-3418065721-512",
          "PrincipalType": "Group",
          "RightName": "GenericAll",
          "IsInherited": false
        },
        {
          "PrincipalSID": "S-1-5-21-3354139931-896117953-3418065721-519",
          "PrincipalType": "Group",
          "RightName": "GenericAll",
          "IsInherited": true
        },
        {
          "PrincipalSID": "DOMAIN1.LOCAL-S-1-5-32-544",
          "PrincipalType": "Group",
          "RightName": "WriteDacl",
          "IsInherited": true
        },
        {
          "PrincipalSID": "DOMAIN1.LOCAL-S-1-5-32-544",
          "PrincipalType": "Group",
          "RightName": "WriteOwner",
          "IsInherited": true
        }
      ],
      "ObjectIdentifier": "FFE6A222-89A3-4753-BA15-986E6891096F",
      "IsDeleted": false,
      "IsACLProtected": false,
      "ContainedBy": {
        "ObjectIdentifier": "S-1-5-21-3354139931-896117953-3418065721",
        "ObjectType": "Domain"
      }
    },
    {
      "GPOChanges": {
        "LocalAdmins": [],
        "RemoteDesktopUsers": [],
        "DcomUsers": [],
        "PSRemoteUsers": [],
        "AffectedComputers": []
      },
      "Properties": {
        "domain": "DOMAIN1.LOCAL",
        "name": "SERVICEACCOUNTS@DOMAIN1.LOCAL",
        "distinguishedname": "OU=SERVICEACCOUNTS,OU=TIER0,DC=DOMAIN1,DC=LOCAL",
        "domainsid": "S-1-5-21-3354139931-896117953-3418065721",
        "isaclprotected": false,
        "description": null,
        "whencreated": 1664347229,
        "blocksinheritance": false
      },
      "Links": [],
      "ChildObjects": [],
      "Aces": [
        {
          "PrincipalSID": "S-1-5-21-3354139931-896117953-3418065721-512",
          "PrincipalType": "Group",
          "RightName": "Owns",
          "IsInherited": false
        },
        {
          "PrincipalSID": "DOMAIN1.LOCAL-S-1-5-32-544",
          "PrincipalType": "Group",
          "RightName": "WriteDacl",
          "IsInherited": true
        },
        {
          "PrincipalSID": "DOMAIN1.LOCAL-S-1-5-32-544",
          "PrincipalType": "Group",
          "RightName": "WriteOwner",
          "IsInherited": true
        }
      ],
      "ObjectIdentifier": "CABE097A-D49A-4542-8298-ED9A2BDC8385",
      "IsDeleted": false,
      "IsACLProtected": false,
      "ContainedBy": {
        "ObjectIdentifier": "1E874DEE-3055-4E90-B308-30FBA6DFBDD0",
        "ObjectType": "OU"
      }
    },
    {
      "GPOChanges": {
        "LocalAdmins": [],
        "RemoteDesktopUsers": [],
        "DcomUsers": [],
        "PSRemoteUsers": [],
        "AffectedComputers": []
      },
      "Properties": {
        "domain": "DOMAIN1.LOCAL",
        "name": "GROUPS@DOMAIN1.LOCAL",
        "distinguishedname": "OU=GROUPS,OU=TIER0,DC=DOMAIN1,DC=LOCAL",
        "domainsid": "S-1-5-21-3354139931-896117953-3418065721",
        "isaclprotected": false,
        "description": null,
        "whencreated": 1664350452,
        "blocksinheritance": false
      },
      "Links": [],
      "ChildObjects": [],
      "Aces": [
        {
          "PrincipalSID": "S-1-5-21-3354139931-896117953-3418065721-512",
          "PrincipalType": "Group",
          "RightName": "Owns",
          "IsInherited": false
        },
        {
          "PrincipalSID": "DOMAIN1.LOCAL-S-1-5-32-544",
          "PrincipalType": "Group",
          "RightName": "WriteDacl",
          "IsInherited": true
        },
        {
          "PrincipalSID": "DOMAIN1.LOCAL-S-1-5-32-544",
          "PrincipalType": "Group",
          "RightName": "WriteOwner",
          "IsInherited": true
        }
      ],
      "ObjectIdentifier": "2383C862-8D24-4A89-B67C-039BFA447F5B",
      "IsDeleted": false,
      "IsACLProtected": false,
      "ContainedBy": {
        "ObjectIdentifier": "1E874DEE-3055-4E90-B308-30FBA6DFBDD0",
        "ObjectType": "OU"
      }
    },
    {
      "GPOChanges": {
        "LocalAdmins": [],
        "RemoteDesktopUsers": [],
        "DcomUsers": [],
        "PSRemoteUsers": [],
        "AffectedComputers": []
      },
      "Properties": {
        "domain": "DOMAIN1.LOCAL",
        "name": "COMPUTERS@DOMAIN1.LOCAL",
        "distinguishedname": "OU=COMPUTERS,OU=TIER0,DC=DOMAIN1,DC=LOCAL",
        "domainsid": "S-1-5-21-3354139931-896117953-3418065721",
        "isaclprotected": false,
        "description": null,
        "whencreated": 1664350495,
        "blocksinheritance": false
      },
      "Links": [],
      "ChildObjects": [],
      "Aces": [
        {
          "PrincipalSID": "S-1-5-21-3354139931-896117953-3418065721-512",
          "PrincipalType": "Group",
          "RightName": "Owns",
          "IsInherited": false
        },
        {
          "PrincipalSID": "DOMAIN1.LOCAL-S-1-5-32-544",
          "PrincipalType": "Group",
          "RightName": "WriteDacl",
          "IsInherited": true
        },
        {
          "PrincipalSID": "DOMAIN1.LOCAL-S-1-5-32-544",
          "PrincipalType": "Group",
          "RightName": "WriteOwner",
          "IsInherited": true
        }
      ],
      "ObjectIdentifier": "1FC945CE-1817-41E0-BA6C-7995B546E02B",
      "IsDeleted": false,
      "IsACLProtected": false,
      "ContainedBy": {
        "ObjectIdentifier": "1E874DEE-3055-4E90-B308-30FBA6DFBDD0",
        "ObjectType": "OU"
      }
    },
    {
      "GPOChanges": {
        "LocalAdmins": [],
        "RemoteDesktopUsers": [],
        "DcomUsers": [],
        "PSRemoteUsers": [],
        "AffectedComputers": []
      },
      "Properties": {
        "domain": "DOMAIN1.LOCAL",
        "name": "GROUPS@DOMAIN1.LOCAL",
        "distinguishedname": "OU=GROUPS,OU=TIER1,DC=DOMAIN1,DC=LOCAL",
        "domainsid": "S-1-5-21-3354139931-896117953-3418065721",
        "isaclprotected": false,
        "description": null,
        "whencreated": 1664356091,
        "blocksinheritance": false
      },
      "Links": [],
      "ChildObjects": [],
      "Aces": [
        {
          "PrincipalSID": "S-1-5-21-3354139931-896117953-3418065721-512",
          "PrincipalType": "Group",
          "RightName": "Owns",
          "IsInherited": false
        },
        {
          "PrincipalSID": "S-1-5-21-3354139931-896117953-3418065721-512",
          "PrincipalType": "Group",
          "RightName": "GenericAll",
          "IsInherited": false
        },
        {
          "PrincipalSID": "S-1-5-21-3354139931-896117953-3418065721-519",
          "PrincipalType": "Group",
          "RightName": "GenericAll",
          "IsInherited": true
        },
        {
          "PrincipalSID": "DOMAIN1.LOCAL-S-1-5-32-544",
          "PrincipalType": "Group",
          "RightName": "WriteDacl",
          "IsInherited": true
        },
        {
          "PrincipalSID": "DOMAIN1.LOCAL-S-1-5-32-544",
          "PrincipalType": "Group",
          "RightName": "WriteOwner",
          "IsInherited": true
        }
      ],
      "ObjectIdentifier": "C8E08BC5-0D45-4FC7-9B49-ACE2560F0918",
      "IsDeleted": false,
      "IsACLProtected": false,
      "ContainedBy": {
        "ObjectIdentifier": "3E829BA4-C27C-4373-BE24-0A460EA70FEB",
        "ObjectType": "OU"
      }
    },
    {
      "GPOChanges": {
        "LocalAdmins": [],
        "RemoteDesktopUsers": [],
        "DcomUsers": [],
        "PSRemoteUsers": [],
        "AffectedComputers": []
      },
      "Properties": {
        "domain": "DOMAIN1.LOCAL",
        "name": "TIER1@DOMAIN1.LOCAL",
        "distinguishedname": "OU=TIER1,DC=DOMAIN1,DC=LOCAL",
        "domainsid": "S-1-5-21-3354139931-896117953-3418065721",
        "isaclprotected": false,
        "description": null,
        "whencreated": 1664356080,
        "blocksinheritance": false
      },
      "Links": [],
      "ChildObjects": [],
      "Aces": [
        {
          "PrincipalSID": "S-1-5-21-3354139931-896117953-3418065721-512",
          "PrincipalType": "Group",
          "RightName": "Owns",
          "IsInherited": false
        },
        {
          "PrincipalSID": "S-1-5-21-3354139931-896117953-3418065721-512",
          "PrincipalType": "Group",
          "RightName": "GenericAll",
          "IsInherited": false
        },
        {
          "PrincipalSID": "S-1-5-21-3354139931-896117953-3418065721-519",
          "PrincipalType": "Group",
          "RightName": "GenericAll",
          "IsInherited": true
        },
        {
          "PrincipalSID": "DOMAIN1.LOCAL-S-1-5-32-544",
          "PrincipalType": "Group",
          "RightName": "WriteDacl",
          "IsInherited": true
        },
        {
          "PrincipalSID": "DOMAIN1.LOCAL-S-1-5-32-544",
          "PrincipalType": "Group",
          "RightName": "WriteOwner",
          "IsInherited": true
        }
      ],
      "ObjectIdentifier": "3E829BA4-C27C-4373-BE24-0A460EA70FEB",
      "IsDeleted": false,
      "IsACLProtected": false,
      "ContainedBy": {
        "ObjectIdentifier": "S-1-5-21-3354139931-896117953-3418065721",
        "ObjectType": "Domain"
      }
    },
    {
      "GPOChanges": {
        "LocalAdmins": [],
        "RemoteDesktopUsers": [],
        "DcomUsers": [],
        "PSRemoteUsers": [],
        "AffectedComputers": []
      },
      "Properties": {
        "domain": "DOMAIN1.LOCAL",
        "name": "USERS@DOMAIN1.LOCAL",
        "distinguishedname": "OU=USERS,OU=TIER0,DC=DOMAIN1,DC=LOCAL",
        "domainsid": "S-1-5-21-3354139931-896117953-3418065721",
        "isaclprotected": false,
        "description": null,
        "whencreated": 1665132785,
        "blocksinheritance": false
      },
      "Links": [
        {
          "IsEnforced": false,
          "GUID": "911CEFB9-546A-471C-BB3A-DDFCFAA209D5"
        }
      ],
      "ChildObjects": [],
      "Aces": [
        {
          "PrincipalSID": "S-1-5-21-3354139931-896117953-3418065721-512",
          "PrincipalType": "Group",
          "RightName": "Owns",
          "IsInherited": false
        },
        {
          "PrincipalSID": "DOMAIN1.LOCAL-S-1-5-32-544",
          "PrincipalType": "Group",
          "RightName": "WriteDacl",
          "IsInherited": true
        },
        {
          "PrincipalSID": "DOMAIN1.LOCAL-S-1-5-32-544",
          "PrincipalType": "Group",
          "RightName": "WriteOwner",
          "IsInherited": true
        }
      ],
      "ObjectIdentifier": "3707B89C-8673-417A-821E-C1A269C10FFE",
      "IsDeleted": false,
      "IsACLProtected": false,
      "ContainedBy": {
        "ObjectIdentifier": "1E874DEE-3055-4E90-B308-30FBA6DFBDD0",
        "ObjectType": "OU"
      }
    },
    {
      "GPOChanges": {
        "LocalAdmins": [],
        "RemoteDesktopUsers": [],
        "DcomUsers": [],
        "PSRemoteUsers": [],
        "AffectedComputers": [
          {
            "ObjectIdentifier": "S-1-5-21-3354139931-896117953-3418065721-2101",
            "ObjectType": "Computer"
          },
          {
            "ObjectIdentifier": "S-1-5-21-3354139931-896117953-3418065721-2148",
            "ObjectType": "Computer"
          },
          {
            "ObjectIdentifier": "S-1-5-21-3354139931-896117953-3418065721-2149",
            "ObjectType": "Computer"
          },
          {
            "ObjectIdentifier": "S-1-5-21-3354139931-896117953-3418065721-2161",
            "ObjectType": "Computer"
          },
          {
            "ObjectIdentifier": "S-1-5-21-3354139931-896117953-3418065721-2162",
            "ObjectType": "Computer"
          },
          {
            "ObjectIdentifier": "S-1-5-21-3354139931-896117953-3418065721-2163",
            "ObjectType": "Computer"
          }
        ]
      },
      "Properties": {
        "domain": "DOMAIN1.LOCAL",
        "name": "TIER0@DOMAIN1.LOCAL",
        "distinguishedname": "OU=TIER0,DC=DOMAIN1,DC=LOCAL",
        "domainsid": "S-1-5-21-3354139931-896117953-3418065721",
        "isaclprotected": false,
        "description": null,
        "whencreated": 1664347200,
        "blocksinheritance": true
      },
      "Links": [],
      "ChildObjects": [],
      "Aces": [
        {
          "PrincipalSID": "S-1-5-21-3354139931-896117953-3418065721-512",
          "PrincipalType": "Group",
          "RightName": "Owns",
          "IsInherited": false
        },
        {
          "PrincipalSID": "DOMAIN1.LOCAL-S-1-5-32-544",
          "PrincipalType": "Group",
          "RightName": "WriteDacl",
          "IsInherited": true
        },
        {
          "PrincipalSID": "DOMAIN1.LOCAL-S-1-5-32-544",
          "PrincipalType": "Group",
          "RightName": "WriteOwner",
          "IsInherited": true
        }
      ],
      "ObjectIdentifier": "1E874DEE-3055-4E90-B308-30FBA6DFBDD0",
      "IsDeleted": false,
      "IsACLProtected": false,
      "ContainedBy": {
        "ObjectIdentifier": "S-1-5-21-3354139931-896117953-3418065721",
        "ObjectType": "Domain"
      }
    },
    {
      "GPOChanges": {
        "LocalAdmins": [],
        "RemoteDesktopUsers": [],
        "DcomUsers": [],
        "PSRemoteUsers": [],
        "AffectedComputers": [
          {
            "ObjectIdentifier": "S-1-5-21-3354139931-896117953-3418065721-2101",
            "ObjectType": "Computer"
          }
        ]
      },
      "Properties": {
        "domain": "DOMAIN1.LOCAL",
        "name": "OU_BEEDF2@DOMAIN1.LOCAL",
        "distinguishedname": "OU=OU_BEEDF2,OU=COMPUTERS,OU=TIER0,DC=DOMAIN1,DC=LOCAL",
        "domainsid": "S-1-5-21-3354139931-896117953-3418065721",
        "isaclprotected": false,
        "description": null,
        "whencreated": 1664351824,
        "blocksinheritance": false
      },
      "Links": [
        {
          "IsEnforced": false,
          "GUID": "332FA2CC-CD08-4F1F-97F1-2BE1E18D1A0A"
        }
      ],
      "ChildObjects": [],
      "Aces": [
        {
          "PrincipalSID": "S-1-5-21-3354139931-896117953-3418065721-512",
          "PrincipalType": "Group",
          "RightName": "Owns",
          "IsInherited": false
        },
        {
          "PrincipalSID": "S-1-5-21-3354139931-896117953-3418065721-512",
          "PrincipalType": "Group",
          "RightName": "GenericAll",
          "IsInherited": false
        },
        {
          "PrincipalSID": "S-1-5-21-3354139931-896117953-3418065721-2110",
          "PrincipalType": "User",
          "RightName": "GenericAll",
          "IsInherited": true
        },
        {
          "PrincipalSID": "S-1-5-21-3354139931-896117953-3418065721-519",
          "PrincipalType": "Group",
          "RightName": "GenericAll",
          "IsInherited": true
        },
        {
          "PrincipalSID": "DOMAIN1.LOCAL-S-1-5-32-544",
          "PrincipalType": "Group",
          "RightName": "WriteDacl",
          "IsInherited": true
        },
        {
          "PrincipalSID": "DOMAIN1.LOCAL-S-1-5-32-544",
          "PrincipalType": "Group",
          "RightName": "WriteOwner",
          "IsInherited": true
        }
      ],
      "ObjectIdentifier": "668AC3E3-90CA-44F3-BC86-509DB7EE7926",
      "IsDeleted": false,
      "IsACLProtected": false,
      "ContainedBy": {
        "ObjectIdentifier": "1FC945CE-1817-41E0-BA6C-7995B546E02B",
        "ObjectType": "OU"
      }
    },
    {
      "GPOChanges": {
        "LocalAdmins": [
          {
            "ObjectIdentifier": "S-1-5-21-3354139931-896117953-3418065721-2173",
            "ObjectType": "User"
          }
        ],
        "RemoteDesktopUsers": [],
        "DcomUsers": [],
        "PSRemoteUsers": [],
        "AffectedComputers": [
          {
            "ObjectIdentifier": "S-1-5-21-3354139931-896117953-3418065721-2174",
            "ObjectType": "Computer"
          }
        ]
      },
      "Properties": {
        "domain": "DOMAIN1.LOCAL",
        "name": "WORKSTATIONS@DOMAIN1.LOCAL",
        "distinguishedname": "OU=WORKSTATIONS,DC=DOMAIN1,DC=LOCAL",
        "domainsid": "S-1-5-21-3354139931-896117953-3418065721",
        "isaclprotected": false,
        "description": null,
        "whencreated": 1681261744,
        "blocksinheritance": false
      },
      "Links": [
        {
          "IsEnforced": false,
          "GUID": "6FF5C62C-E0E5-4F86-95BC-B31DD87B2666"
        }
      ],
      "ChildObjects": [],
      "Aces": [
        {
          "PrincipalSID": "S-1-5-21-3354139931-896117953-3418065721-512",
          "PrincipalType": "Group",
          "RightName": "Owns",
          "IsInherited": false
        },
        {
          "PrincipalSID": "S-1-5-21-3354139931-896117953-3418065721-512",
          "PrincipalType": "Group",
          "RightName": "GenericAll",
          "IsInherited": false
        },
        {
          "PrincipalSID": "S-1-5-21-3354139931-896117953-3418065721-519",
          "PrincipalType": "Group",
          "RightName": "GenericAll",
          "IsInherited": true
        },
        {
          "PrincipalSID": "DOMAIN1.LOCAL-S-1-5-32-544",
          "PrincipalType": "Group",
          "RightName": "WriteDacl",
          "IsInherited": true
        },
        {
          "PrincipalSID": "DOMAIN1.LOCAL-S-1-5-32-544",
          "PrincipalType": "Group",
          "RightName": "WriteOwner",
          "IsInherited": true
        }
      ],
      "ObjectIdentifier": "228C8EFF-61DB-4002-A635-2D8BC86C26BC",
      "IsDeleted": false,
      "IsACLProtected": false,
      "ContainedBy": {
        "ObjectIdentifier": "S-1-5-21-3354139931-896117953-3418065721",
        "ObjectType": "Domain"
      }
    },
    {
      "GPOChanges": {
        "LocalAdmins": [
          {
            "ObjectIdentifier": "S-1-5-21-3354139931-896117953-3418065721-513",
            "ObjectType": "Group"
          },
          {
            "ObjectIdentifier": "S-1-5-21-3354139931-896117953-3418065721-2111",
            "ObjectType": "Group"
          }
        ],
        "RemoteDesktopUsers": [],
        "DcomUsers": [],
        "PSRemoteUsers": [],
        "AffectedComputers": [
          {
            "ObjectIdentifier": "S-1-5-21-3354139931-896117953-3418065721-2124",
            "ObjectType": "Computer"
          },
          {
            "ObjectIdentifier": "S-1-5-21-3354139931-896117953-3418065721-2171",
            "ObjectType": "Computer"
          },
          {
            "ObjectIdentifier": "S-1-5-21-3354139931-896117953-3418065721-2177",
            "ObjectType": "Computer"
          },
          {
            "ObjectIdentifier": "S-1-5-21-3354139931-896117953-3418065721-2190",
            "ObjectType": "Computer"
          }
        ]
      },
      "Properties": {
        "domain": "DOMAIN1.LOCAL",
        "name": "COMPUTERS@DOMAIN1.LOCAL",
        "distinguishedname": "OU=COMPUTERS,OU=TIER1,DC=DOMAIN1,DC=LOCAL",
        "domainsid": "S-1-5-21-3354139931-896117953-3418065721",
        "isaclprotected": false,
        "description": null,
        "whencreated": 1664356101,
        "blocksinheritance": false
      },
      "Links": [
        {
          "IsEnforced": false,
          "GUID": "8A31567F-6CEC-49E6-A355-4D3E4FDBE11F"
        },
        {
          "IsEnforced": false,
          "GUID": "B9DEE785-6F70-4B33-AC2A-95C1F295814A"
        },
        {
          "IsEnforced": false,
          "GUID": "46FA33F8-DE06-4194-A466-3BFF03CD77EC"
        }
      ],
      "ChildObjects": [],
      "Aces": [
        {
          "PrincipalSID": "S-1-5-21-3354139931-896117953-3418065721-512",
          "PrincipalType": "Group",
          "RightName": "Owns",
          "IsInherited": false
        },
        {
          "PrincipalSID": "S-1-5-21-3354139931-896117953-3418065721-512",
          "PrincipalType": "Group",
          "RightName": "GenericAll",
          "IsInherited": false
        },
        {
          "PrincipalSID": "S-1-5-21-3354139931-896117953-3418065721-2189",
          "PrincipalType": "Group",
          "RightName": "GenericAll",
          "IsInherited": false
        },
        {
          "PrincipalSID": "S-1-5-21-3354139931-896117953-3418065721-519",
          "PrincipalType": "Group",
          "RightName": "GenericAll",
          "IsInherited": true
        },
        {
          "PrincipalSID": "DOMAIN1.LOCAL-S-1-5-32-544",
          "PrincipalType": "Group",
          "RightName": "WriteDacl",
          "IsInherited": true
        },
        {
          "PrincipalSID": "DOMAIN1.LOCAL-S-1-5-32-544",
          "PrincipalType": "Group",
          "RightName": "WriteOwner",
          "IsInherited": true
        }
      ],
      "ObjectIdentifier": "AB2949A5-C286-4838-8E07-7B099D0B8D1C",
      "IsDeleted": false,
      "IsACLProtected": false,
      "ContainedBy": {
        "ObjectIdentifier": "3E829BA4-C27C-4373-BE24-0A460EA70FEB",
        "ObjectType": "OU"
      }
    },
    {
      "GPOChanges": {
        "LocalAdmins": [],
        "RemoteDesktopUsers": [],
        "DcomUsers": [],
        "PSRemoteUsers": [],
        "AffectedComputers": [
          {
            "ObjectIdentifier": "S-1-5-21-3354139931-896117953-3418065721-2150",
            "ObjectType": "Computer"
          },
          {
            "ObjectIdentifier": "S-1-5-21-3354139931-896117953-3418065721-2182",
            "ObjectType": "Computer"
          },
          {
            "ObjectIdentifier": "S-1-5-21-3354139931-896117953-3418065721-1000",
            "ObjectType": "Computer"
          }
        ]
      },
      "Properties": {
        "domain": "DOMAIN1.LOCAL",
        "name": "DOMAIN CONTROLLERS@DOMAIN1.LOCAL",
        "distinguishedname": "OU=DOMAIN CONTROLLERS,DC=DOMAIN1,DC=LOCAL",
        "domainsid": "S-1-5-21-3354139931-896117953-3418065721",
        "isaclprotected": false,
        "description": "Default container for domain controllers",
        "whencreated": 1653361617,
        "blocksinheritance": false
      },
      "Links": [
        {
          "IsEnforced": false,
          "GUID": "CA179906-F824-4A3F-A257-D61BB3A734E2"
        },
        {
          "IsEnforced": false,
          "GUID": "A9458549-40EB-4C78-99D8-BEB62E6EBDD9"
        },
        {
          "IsEnforced": false,
          "GUID": "C3434948-B66D-4284-B9AE-04AC891FB690"
        },
        {
          "IsEnforced": false,
          "GUID": "FE515512-C497-488F-94A8-024F5968F37A"
        },
        {
          "IsEnforced": false,
          "GUID": "D7E457F6-9187-4F5F-9589-BD442017EE49"
        },
        {
          "IsEnforced": false,
          "GUID": "15F95B7D-F2EC-4D7C-90EF-DFC1324BD2A6"
        },
        {
          "IsEnforced": false,
          "GUID": "F33342C7-4053-464B-8532-83F6A83A8DF2"
        }
      ],
      "ChildObjects": [],
      "Aces": [
        {
          "PrincipalSID": "S-1-5-21-3354139931-896117953-3418065721-512",
          "PrincipalType": "Group",
          "RightName": "Owns",
          "IsInherited": false
        },
        {
          "PrincipalSID": "S-1-5-21-3354139931-896117953-3418065721-512",
          "PrincipalType": "Group",
          "RightName": "WriteDacl",
          "IsInherited": false
        },
        {
          "PrincipalSID": "S-1-5-21-3354139931-896117953-3418065721-512",
          "PrincipalType": "Group",
          "RightName": "WriteOwner",
          "IsInherited": false
        },
        {
          "PrincipalSID": "S-1-5-21-3354139931-896117953-3418065721-519",
          "PrincipalType": "Group",
          "RightName": "GenericAll",
          "IsInherited": true
        },
        {
          "PrincipalSID": "DOMAIN1.LOCAL-S-1-5-32-544",
          "PrincipalType": "Group",
          "RightName": "WriteDacl",
          "IsInherited": true
        },
        {
          "PrincipalSID": "DOMAIN1.LOCAL-S-1-5-32-544",
          "PrincipalType": "Group",
          "RightName": "WriteOwner",
          "IsInherited": true
        }
      ],
      "ObjectIdentifier": "8E244F72-0FB8-40B0-BED8-5868C69AC73D",
      "IsDeleted": false,
      "IsACLProtected": false,
      "ContainedBy": {
        "ObjectIdentifier": "S-1-5-21-3354139931-896117953-3418065721",
        "ObjectType": "Domain"
      }
    }
  ],
  "meta": {
    "methods": 521215,
    "type": "ous",
    "count": 13,
    "version": 6
  }
}