{
  "data": [
    {
      "GPOChanges": {
        "LocalAdmins": [],
        "RemoteDesktopUsers": [],
        "DcomUsers": [],
        "PSRemoteUsers": [],
        "AffectedComputers": [
          {
            "ObjectIdentifier": "S-1-5-21-3371459185-1406607600-1583401892-1000",
            "ObjectType": "Computer"
          },
          {
            "ObjectIdentifier": "S-1-5-21-3371459185-1406607600-1583401892-1112",
            "ObjectType": "Computer"
          },
          {
            "ObjectIdentifier": "S-1-5-21-3371459185-1406607600-1583401892-1114",
            "ObjectType": "Computer"
          },
          {
            "ObjectIdentifier": "S-1-5-21-3371459185-1406607600-1583401892-1117",
            "ObjectType": "Computer"
          },
          {
            "ObjectIdentifier": "S-1-5-21-3371459185-1406607600-1583401892-1120",
            "ObjectType": "Computer"
          },
          {
            "ObjectIdentifier": "S-1-5-21-3371459185-1406607600-1583401892-1123",
            "ObjectType": "Computer"
          },
          {
            "ObjectIdentifier": "S-1-5-21-3371459185-1406607600-1583401892-1169",
            "ObjectType": "Computer"
          },
          {
            "ObjectIdentifier": "S-1-5-21-3371459185-1406607600-1583401892-1180",
            "ObjectType": "Computer"
          },
          {
            "ObjectIdentifier": "S-1-5-21-3371459185-1406607600-1583401892-1181",
            "ObjectType": "Computer"
          },
          {
            "ObjectIdentifier": "S-1-5-21-3371459185-1406607600-1583401892-1186",
            "ObjectType": "Computer"
          },
          {
            "ObjectIdentifier": "S-1-5-21-3371459185-1406607600-1583401892-1188",
            "ObjectType": "Computer"
          }
        ]
      },
      "Properties": {
        "domain": "DOMAIN4.LOCAL",
        "name": "DOMAIN4.LOCAL",
        "distinguishedname": "DC=DOMAIN4,DC=LOCAL",
        "domainsid": "S-1-5-21-3371459185-1406607600-1583401892",
        "isaclprotected": false,
        "description": null,
        "whencreated": 1668394804,
        "functionallevel": "2016",
        "collected": true
      },
      "ChildObjects": [],
      "Trusts": [
        {
          "TargetDomainSid": "S-1-5-21-3752699395-3411010564-1631725133",
          "TargetDomainName": "CHILD.DOMAIN4.LOCAL",
          "IsTransitive": true,
          "SidFilteringEnabled": false,
          "TrustDirection": "Bidirectional",
          "TrustType": "ParentChild"
        },
        {
          "TargetDomainSid": "S-1-5-21-3354139931-896117953-3418065721",
          "TargetDomainName": "DOMAIN1.LOCAL",
          "IsTransitive": true,
          "SidFilteringEnabled": true,
          "TrustDirection": "Bidirectional",
          "TrustType": "External"
        }
      ],
      "Links": [
        {
          "IsEnforced": false,
          "GUID": "2BC42D9C-65FF-4CF9-9A54-D00F4AA64EB3"
        },
        {
          "IsEnforced": false,
          "GUID": "9B67F7E0-CC45-40D6-A34D-DB10695E2DF5"
        }
      ],
      "Aces": [
        {
          "PrincipalSID": "DOMAIN4.LOCAL-S-1-5-32-544",
          "PrincipalType": "Group",
          "RightName": "Owns",
          "IsInherited": false
        },
        {
          "PrincipalSID": "DOMAIN4.LOCAL-S-1-5-32-544",
          "PrincipalType": "Group",
          "RightName": "WriteDacl",
          "IsInherited": false
        },
        {
          "PrincipalSID": "DOMAIN4.LOCAL-S-1-5-32-544",
          "PrincipalType": "Group",
          "RightName": "WriteOwner",
          "IsInherited": false
        },
        {
          "PrincipalSID": "DOMAIN4.LOCAL-S-1-5-32-544",
          "PrincipalType": "Group",
          "RightName": "AllExtendedRights",
          "IsInherited": false
        },
        {
          "PrincipalSID": "S-1-5-21-3371459185-1406607600-1583401892-512",
          "PrincipalType": "Group",
          "RightName": "WriteDacl",
          "IsInherited": false
        },
        {
          "PrincipalSID": "S-1-5-21-3371459185-1406607600-1583401892-512",
          "PrincipalType": "Group",
          "RightName": "WriteOwner",
          "IsInherited": false
        },
        {
          "PrincipalSID": "S-1-5-21-3371459185-1406607600-1583401892-512",
          "PrincipalType": "Group",
          "RightName": "AllExtendedRights",
          "IsInherited": false
        },
        {
          "PrincipalSID": "S-1-5-21-3371459185-1406607600-1583401892-519",
          "PrincipalType": "Group",
          "RightName": "GenericAll",
          "IsInherited": false
        },
        {
          "PrincipalSID": "DOMAIN4.LOCAL-S-1-5-9",
          "PrincipalType": "Group",
          "RightName": "GetChangesInFilteredSet",
          "IsInherited": false
        },
        {
          "PrincipalSID": "DOMAIN4.LOCAL-S-1-5-9",
          "PrincipalType": "Group",
          "RightName": "GetChanges",
          "IsInherited": false
        },
        {
          "PrincipalSID": "DOMAIN4.LOCAL-S-1-5-32-544",
          "PrincipalType": "Group",
          "RightName": "GetChangesInFilteredSet",
          "IsInherited": false
        },
        {
          "PrincipalSID": "DOMAIN4.LOCAL-S-1-5-32-544",
          "PrincipalType": "Group",
          "RightName": "GetChanges",
          "IsInherited": false
        },
        {
          "PrincipalSID": "DOMAIN4.LOCAL-S-1-5-32-544",
          "PrincipalType": "Group",
          "RightName": "GetChangesAll",
          "IsInherited": false
        },
        {
          "PrincipalSID": "S-1-5-21-3371459185-1406607600-1583401892-498",
          "PrincipalType": "Group",
          "RightName": "GetChanges",
          "IsInherited": false
        },
        {
          "PrincipalSID": "S-1-5-21-3371459185-1406607600-1583401892-516",
          "PrincipalType": "Group",
          "RightName": "GetChangesAll",
          "IsInherited": false
        }
      ],
      "ObjectIdentifier": "S-1-5-21-3371459185-1406607600-1583401892",
      "IsDeleted": false,
      "IsACLProtected": false,
      "ContainedBy": null
    }
  ],
  "meta": {
    "methods": 521215,
    "type": "domains",
    "count": 1,
    "version": 6
  }
}