{
  "data": [
    {
      "Properties": {
        "domain": "DOMAIN4.LOCAL",
        "name": "COMP_BA365BBB.DOMAIN4.LOCAL",
        "distinguishedname": "CN=COMP_BA365BBB,OU=OU_A86364,DC=DOMAIN4,DC=LOCAL",
        "domainsid": "S-1-5-21-3371459185-1406607600-1583401892",
        "samaccountname": "COMP_BA365BBB$",
        "haslaps": true,
        "isaclprotected": false,
        "description": null,
        "whencreated": 1683450451,
        "enabled": false,
        "unconstraineddelegation": false,
        "trustedtoauth": false,
        "isdc": false,
        "lastlogon": 1683926273,
        "lastlogontimestamp": 1683475651,
        "pwdlastset": 1683475651,
        "serviceprincipalnames": [
          "Dfsr-12F9A27C-BF97-4787-9364-D31B6C55EB04/HST_3F7476.DOMAIN4.LOCAL",
          "TERMSRV/HST_3F7476",
          "TERMSRV/HST_3F7476.DOMAIN4.LOCAL",
          "RestrictedKrbHost/HST_3F7476",
          "HOST/HST_3F7476",
          "RestrictedKrbHost/HST_3F7476.DOMAIN4.LOCAL",
          "HOST/HST_3F7476.DOMAIN4.LOCAL"
        ],
        "email": null,
        "operatingsystem": "Windows Server",
        "sidhistory": []
      },
      "PrimaryGroupSID": "S-1-5-21-3702535222-3822678775-2090119576-515",
      "AllowedToDelegate": [],
      "AllowedToAct": [],
      "HasSIDHistory": [],
      "DumpSMSAPassword": [],
      "Sessions": {
        "Results": [],
        "Collected": false,
        "FailureReason": null
      },
      "PrivilegedSessions": {
        "Results": [],
        "Collected": false,
        "FailureReason": null
      },
      "RegistrySessions": {
        "Results": [],
        "Collected": false,
        "FailureReason": null
      },
      "LocalGroups": [],
      "UserRights": [],
      "DCRegistryData": {
        "CertificateMappingMethods": null,
        "StrongCertificateBindingEnforcement": null
      },
      "Status": {
        "Connectable": false,
        "Error": "PwdLastSetOutOfRange"
      },
      "IsDC": false,
      "DomainSID": "S-1-5-21-3702535222-3822678775-2090119576",
      "Aces": [
        {
          "PrincipalSID": "S-1-5-21-3371459185-1406607600-1583401892-512",
          "PrincipalType": "Group",
          "RightName": "Owns",
          "IsInherited": false
        },
        {
          "PrincipalSID": "DOMAIN4.LOCAL-S-1-5-32-548",
          "PrincipalType": "Group",
          "RightName": "GenericAll",
          "IsInherited": false
        },
        {
          "PrincipalSID": "S-1-5-21-3371459185-1406607600-1583401892-512",
          "PrincipalType": "Group",
          "RightName": "GenericAll",
          "IsInherited": false
        },
        {
          "PrincipalSID": "S-1-5-21-3371459185-1406607600-1583401892-1115",
          "PrincipalType": "Group",
          "RightName": "ReadLAPSPassword",
          "IsInherited": true
        },
        {
          "PrincipalSID": "S-1-5-21-3371459185-1406607600-1583401892-526",
          "PrincipalType": "Group",
          "RightName": "AddKeyCredentialLink",
          "IsInherited": true
        },
        {
          "PrincipalSID": "S-1-5-21-3371459185-1406607600-1583401892-527",
          "PrincipalType": "Group",
          "RightName": "AddKeyCredentialLink",
          "IsInherited": true
        },
        {
          "PrincipalSID": "S-1-5-21-3371459185-1406607600-1583401892-519",
          "PrincipalType": "Group",
          "RightName": "GenericAll",
          "IsInherited": true
        },
        {
          "PrincipalSID": "DOMAIN4.LOCAL-S-1-5-32-544",
          "PrincipalType": "Group",
          "RightName": "WriteDacl",
          "IsInherited": true
        },
        {
          "PrincipalSID": "DOMAIN4.LOCAL-S-1-5-32-544",
          "PrincipalType": "Group",
          "RightName": "WriteOwner",
          "IsInherited": true
        },
        {
          "PrincipalSID": "DOMAIN4.LOCAL-S-1-5-32-544",
          "PrincipalType": "Group",
          "RightName": "AllExtendedRights",
          "IsInherited": true
        },
        {
          "PrincipalSID": "DOMAIN4.LOCAL-S-1-5-32-544",
          "PrincipalType": "Group",
          "RightName": "GenericWrite",
          "IsInherited": true
        }
      ],
      "ObjectIdentifier": "S-1-5-21-3371459185-1406607600-1583401892-1117",
      "IsDeleted": false,
      "IsACLProtected": false,
      "ContainedBy": {
        "ObjectIdentifier": "B689DF70-E485-489F-9165-88F85E0CFA08",
        "ObjectType": "OU"
      }
    },
    {
      "Properties": {
        "domain": "DOMAIN4.LOCAL",
        "name": "COMP_85A970DB.DOMAIN4.LOCAL",
        "distinguishedname": "CN=COMP_85A970DB,OU=DOMAIN CONTROLLERS,DC=DOMAIN4,DC=LOCAL",
        "domainsid": "S-1-5-21-3371459185-1406607600-1583401892",
        "samaccountname": "COMP_85A970DB$",
        "haslaps": false,
        "isaclprotected": false,
        "description": null,
        "whencreated": 1683440255,
        "enabled": true,
        "unconstraineddelegation": false,
        "trustedtoauth": true,
        "isdc": false,
        "allowedtodelegate": [],
        "lastlogon": 1693752960,
        "lastlogontimestamp": 1693571033,
        "pwdlastset": 1693572833,
        "serviceprincipalnames": [
          "SVC_D4CB/HST_309B6E.DOMAIN4.LOCAL",
          "SVC_4307/HST_309B6E",
          "HOST/HST_309B6E/DOMAIN",
          "HOST/HST_309B6E.DOMAIN4.LOCAL/DOMAIN4",
          "RPC/HST_BC96CF._msdcs.DOMAIN4.LOCAL",
          "GC/HST_309B6E.DOMAIN4.LOCAL/DOMAIN4.LOCAL",
          "HOST/HST_309B6E.DOMAIN4.LOCAL/DOMAIN4.LOCAL",
          "ldap/HST_309B6E/DOMAIN",
          "ldap/HST_BC96CF._msdcs.DOMAIN4.LOCAL",
          "ldap/HST_309B6E.DOMAIN4.LOCAL/DOMAIN4",
          "ldap/HST_309B6E",
          "ldap/HST_309B6E.DOMAIN4.LOCAL",
          "ldap/HST_309B6E.DOMAIN4.LOCAL/DOMAIN4.LOCAL",
          "WSMAN/HST_309B6E",
          "WSMAN/HST_309B6E.DOMAIN4.LOCAL",
          "Dfsr-12F9A27C-BF97-4787-9364-D31B6C55EB04/HST_309B6E.DOMAIN4.LOCAL",
          "TERMSRV/HST_309B6E",
          "TERMSRV/HST_309B6E.DOMAIN4.LOCAL",
          "RestrictedKrbHost/HST_309B6E",
          "HOST/HST_309B6E",
          "RestrictedKrbHost/HST_309B6E.DOMAIN4.LOCAL",
          "HOST/HST_309B6E.DOMAIN4.LOCAL"
        ],
        "email": null,
        "operatingsystem": "Windows Server",
        "sidhistory": []
      },
      "PrimaryGroupSID": "S-1-5-21-3702535222-3822678775-2090119576-521",
      "AllowedToDelegate": [],
      "AllowedToAct": [],
      "HasSIDHistory": [],
      "DumpSMSAPassword": [],
      "Sessions": {
        "Results": [],
        "Collected": false,
        "FailureReason": null
      },
      "PrivilegedSessions": {
        "Results": [],
        "Collected": false,
        "FailureReason": null
      },
      "RegistrySessions": {
        "Results": [],
        "Collected": false,
        "FailureReason": null
      },
      "LocalGroups": [],
      "UserRights": [],
      "DCRegistryData": {
        "CertificateMappingMethods": null,
        "StrongCertificateBindingEnforcement": null
      },
      "Status": {
        "Connectable": false,
        "Error": "PwdLastSetOutOfRange"
      },
      "IsDC": false,
      "DomainSID": "S-1-5-21-3702535222-3822678775-2090119576",
      "Aces": [
        {
          "PrincipalSID": "S-1-5-21-3371459185-1406607600-1583401892-512",
          "PrincipalType": "Group",
          "RightName": "Owns",
          "IsInherited": false
        },
        {
          "PrincipalSID": "S-1-5-21-3371459185-1406607600-1583401892-512",
          "PrincipalType": "Group",
          "RightName": "GenericAll",
          "IsInherited": false
        },
        {
          "PrincipalSID": "S-1-5-21-3371459185-1406607600-1583401892-1118",
          "PrincipalType": "Group",
          "RightName": "WriteAccountRestrictions",
          "IsInherited": false
        },
        {
          "PrincipalSID": "S-1-5-21-3371459185-1406607600-1583401892-526",
          "PrincipalType": "Group",
          "RightName": "AddKeyCredentialLink",
          "IsInherited": true
        },
        {
          "PrincipalSID": "S-1-5-21-3371459185-1406607600-1583401892-527",
          "PrincipalType": "Group",
          "RightName": "AddKeyCredentialLink",
          "IsInherited": true
        },
        {
          "PrincipalSID": "S-1-5-21-3371459185-1406607600-1583401892-519",
          "PrincipalType": "Group",
          "RightName": "GenericAll",
          "IsInherited": true
        },
        {
          "PrincipalSID": "DOMAIN4.LOCAL-S-1-5-32-544",
          "PrincipalType": "Group",
          "RightName": "WriteDacl",
          "IsInherited": true
        },
        {
          "PrincipalSID": "DOMAIN4.LOCAL-S-1-5-32-544",
          "PrincipalType": "Group",
          "RightName": "WriteOwner",
          "IsInherited": true
        },
        {
          "PrincipalSID": "DOMAIN4.LOCAL-S-1-5-32-544",
          "PrincipalType": "Group",
          "RightName": "GenericWrite",
          "IsInherited": true
        }
      ],
      "ObjectIdentifier": "S-1-5-21-3371459185-1406607600-1583401892-1112",
      "IsDeleted": false,
      "IsACLProtected": false,
      "ContainedBy": {
        "ObjectIdentifier": "937D95A4-85E5-48A3-8BFC-3B5E4930224F",
        "ObjectType": "OU"
      }
    },
    {
      "Properties": {
        "domain": "DOMAIN4.LOCAL",
        "name": "COMP_6A7DF581.DOMAIN4.LOCAL",
        "distinguishedname": "CN=COMP_6A7DF581,OU=OU_A86364,DC=DOMAIN4,DC=LOCAL",
        "domainsid": "S-1-5-21-3371459185-1406607600-1583401892",
        "samaccountname": "COMP_6A7DF581$",
        "haslaps": false,
        "isaclprotected": false,
        "description": null,
        "whencreated": 1683440541,
        "enabled": true,
        "unconstraineddelegation": false,
        "trustedtoauth": false,
        "isdc": false,
        "lastlogon": 0,
        "lastlogontimestamp": -1,
        "pwdlastset": 1683465741,
        "serviceprincipalnames": [],
        "email": null,
        "operatingsystem": null,
        "sidhistory": []
      },
      "PrimaryGroupSID": "S-1-5-21-3702535222-3822678775-2090119576-515",
      "AllowedToDelegate": [],
      "AllowedToAct": [],
      "HasSIDHistory": [],
      "DumpSMSAPassword": [],
      "Sessions": {
        "Results": [],
        "Collected": false,
        "FailureReason": null
      },
      "PrivilegedSessions": {
        "Results": [],
        "Collected": false,
        "FailureReason": null
      },
      "RegistrySessions": {
        "Results": [],
        "Collected": false,
        "FailureReason": null
      },
      "LocalGroups": [],
      "UserRights": [],
      "DCRegistryData": {
        "CertificateMappingMethods": null,
        "StrongCertificateBindingEnforcement": null
      },
      "Status": {
        "Connectable": false,
        "Error": "PwdLastSetOutOfRange"
      },
      "IsDC": false,
      "DomainSID": "S-1-5-21-3702535222-3822678775-2090119576",
      "Aces": [
        {
          "PrincipalSID": "S-1-5-21-3371459185-1406607600-1583401892-512",
          "PrincipalType": "Group",
          "RightName": "Owns",
          "IsInherited": false
        },
        {
          "PrincipalSID": "DOMAIN4.LOCAL-S-1-5-32-548",
          "PrincipalType": "Group",
          "RightName": "GenericAll",
          "IsInherited": false
        },
        {
          "PrincipalSID": "S-1-5-21-3371459185-1406607600-1583401892-512",
          "PrincipalType": "Group",
          "RightName": "GenericAll",
          "IsInherited": false
        },
        {
          "PrincipalSID": "S-1-5-21-3371459185-1406607600-1583401892-526",
          "PrincipalType": "Group",
          "RightName": "AddKeyCredentialLink",
          "IsInherited": true
        },
        {
          "PrincipalSID": "S-1-5-21-3371459185-1406607600-1583401892-527",
          "PrincipalType": "Group",
          "RightName": "AddKeyCredentialLink",
          "IsInherited": true
        },
        {
          "PrincipalSID": "S-1-5-21-3371459185-1406607600-1583401892-519",
          "PrincipalType": "Group",
          "RightName": "GenericAll",
          "IsInherited": true
        },
        {
          "PrincipalSID": "DOMAIN4.LOCAL-S-1-5-32-544",
          "PrincipalType": "Group",
          "RightName": "WriteDacl",
          "IsInherited": true
        },
        {
          "PrincipalSID": "DOMAIN4.LOCAL-S-1-5-32-544",
          "PrincipalType": "Group",
          "RightName": "WriteOwner",
          "IsInherited": true
        },
        {
          "PrincipalSID": "DOMAIN4.LOCAL-S-1-5-32-544",
          "PrincipalType": "Group",
          "RightName": "GenericWrite",
          "IsInherited": true
        }
      ],
      "ObjectIdentifier": "S-1-5-21-3371459185-1406607600-1583401892-1114",
      "IsDeleted": false,
      "IsACLProtected": false,
      "ContainedBy": {
        "ObjectIdentifier": "B689DF70-E485-489F-9165-88F85E0CFA08",
        "ObjectType": "OU"
      }
    },
    {
      "Properties": {
        "domain": "DOMAIN4.LOCAL",
        "name": "COMP_F4529599.DOMAIN4.LOCAL",
        "distinguishedname": "CN=COMP_F4529599,CN=COMPUTERS,DC=DOMAIN4,DC=LOCAL",
        "domainsid": "S-1-5-21-3371459185-1406607600-1583401892",
        "samaccountname": "COMP_F4529599$",
        "haslaps": false,
        "isaclprotected": false,
        "description": null,
        "whencreated": 1699338145,
        "enabled": true,
        "unconstraineddelegation": false,
        "trustedtoauth": false,
        "isdc": false,
        "lastlogon": 1708524454,
        "lastlogontimestamp": 1708524454,
        "pwdlastset": 1702470695,
        "serviceprincipalnames": [
          "TERMSRV/HST_5DA918",
          "TERMSRV/HST_5DA918.DOMAIN4.LOCAL",
          "RestrictedKrbHost/HST_5DA918",
          "HOST/HST_5DA918",
          "RestrictedKrbHost/HST_5DA918.DOMAIN4.LOCAL",
          "HOST/HST_5DA918.DOMAIN4.LOCAL"
        ],
        "email": "test2@mail.com",
        "operatingsystem": "Windows Server",
        "sidhistory": []
      },
      "PrimaryGroupSID": "S-1-5-21-3702535222-3822678775-2090119576-515",
      "AllowedToDelegate": [],
      "AllowedToAct": [],
      "HasSIDHistory": [],
      "DumpSMSAPassword": [],
      "Sessions": {
        "Results": [],
        "Collected": false,
        "FailureReason": null
      },
      "PrivilegedSessions": {
        "Results": [],
        "Collected": false,
        "FailureReason": null
      },
      "RegistrySessions": {
        "Results": [],
        "Collected": false,
        "FailureReason": null
      },
      "LocalGroups": [],
      "UserRights": [],
      "DCRegistryData": {
        "CertificateMappingMethods": null,
        "StrongCertificateBindingEnforcement": null
      },
      "Status": {
        "Connectable": false,
        "Error": "PwdLastSetOutOfRange"
      },
      "IsDC": false,
      "DomainSID": "S-1-5-21-3702535222-3822678775-2090119576",
      "Aces": [
        {
          "PrincipalSID": "S-1-5-21-3371459185-1406607600-1583401892-512",
          "PrincipalType": "Group",
          "RightName": "Owns",
          "IsInherited": false
        },
        {
          "PrincipalSID": "DOMAIN4.LOCAL-S-1-5-32-548",
          "PrincipalType": "Group",
          "RightName": "GenericAll",
          "IsInherited": false
        },
        {
          "PrincipalSID": "S-1-5-21-3371459185-1406607600-1583401892-512",
          "PrincipalType": "Group",
          "RightName": "GenericAll",
          "IsInherited": false
        },
        {
          "PrincipalSID": "S-1-5-21-3371459185-1406607600-1583401892-526",
          "PrincipalType": "Group",
          "RightName": "AddKeyCredentialLink",
          "IsInherited": true
        },
        {
          "PrincipalSID": "S-1-5-21-3371459185-1406607600-1583401892-527",
          "PrincipalType": "Group",
          "RightName": "AddKeyCredentialLink",
          "IsInherited": true
        },
        {
          "PrincipalSID": "S-1-5-21-3371459185-1406607600-1583401892-519",
          "PrincipalType": "Group",
          "RightName": "GenericAll",
          "IsInherited": true
        },
        {
          "PrincipalSID": "DOMAIN4.LOCAL-S-1-5-32-544",
          "PrincipalType": "Group",
          "RightName": "WriteDacl",
          "IsInherited": true
        },
        {
          "PrincipalSID": "DOMAIN4.LOCAL-S-1-5-32-544",
          "PrincipalType": "Group",
          "RightName": "WriteOwner",
          "IsInherited": true
        },
        {
          "PrincipalSID": "DOMAIN4.LOCAL-S-1-5-32-544",
          "PrincipalType": "Group",
          "RightName": "GenericWrite",
          "IsInherited": true
        }
      ],
      "ObjectIdentifier": "S-1-5-21-3371459185-1406607600-1583401892-1169",
      "IsDeleted": false,
      "IsACLProtected": false,
      "ContainedBy": {
        "ObjectIdentifier": "533A64C4-84A3-423B-8B2B-4F5E20F16F3F",
        "ObjectType": "Container"
      }
    },
    {
      "Properties": {
        "domain": "DOMAIN4.LOCAL",
        "name": "COMP_CED22A97.DOMAIN4.LOCAL",
        "distinguishedname": "CN=COMP_CED22A97,CN=COMPUTERS,DC=DOMAIN4,DC=LOCAL",
        "domainsid": "S-1-5-21-3371459185-1406607600-1583401892",
        "samaccountname": "COMP_CED22A97$",
        "haslaps": false,
        "isaclprotected": false,
        "description": null,
        "whencreated": 1708936070,
        "enabled": true,
        "unconstraineddelegation": false,
        "trustedtoauth": false,
        "isdc": false,
        "lastlogon": 0,
        "lastlogontimestamp": 1708971571,
        "pwdlastset": 1708964870,
        "serviceprincipalnames": [],
        "email": null,
        "operatingsystem": null,
        "sidhistory": []
      },
      "PrimaryGroupSID": "S-1-5-21-3702535222-3822678775-2090119576-515",
      "AllowedToDelegate": [],
      "AllowedToAct": [],
      "HasSIDHistory": [],
      "DumpSMSAPassword": [],
      "Sessions": {
        "Results": [],
        "Collected": false,
        "FailureReason": null
      },
      "PrivilegedSessions": {
        "Results": [],
        "Collected": false,
        "FailureReason": null
      },
      "RegistrySessions": {
        "Results": [],
        "Collected": false,
        "FailureReason": null
      },
      "LocalGroups": [],
      "UserRights": [],
      "DCRegistryData": {
        "CertificateMappingMethods": null,
        "StrongCertificateBindingEnforcement": null
      },
      "Status": {
        "Connectable": false,
        "Error": "PortNotOpen"
      },
      "IsDC": false,
      "DomainSID": "S-1-5-21-3702535222-3822678775-2090119576",
      "Aces": [
        {
          "PrincipalSID": "S-1-5-21-3371459185-1406607600-1583401892-512",
          "PrincipalType": "Group",
          "RightName": "Owns",
          "IsInherited": false
        },
        {
          "PrincipalSID": "DOMAIN4.LOCAL-S-1-5-32-548",
          "PrincipalType": "Group",
          "RightName": "GenericAll",
          "IsInherited": false
        },
        {
          "PrincipalSID": "S-1-5-21-3371459185-1406607600-1583401892-512",
          "PrincipalType": "Group",
          "RightName": "GenericAll",
          "IsInherited": false
        },
        {
          "PrincipalSID": "S-1-5-21-3371459185-1406607600-1583401892-526",
          "PrincipalType": "Group",
          "RightName": "AddKeyCredentialLink",
          "IsInherited": true
        },
        {
          "PrincipalSID": "S-1-5-21-3371459185-1406607600-1583401892-527",
          "PrincipalType": "Group",
          "RightName": "AddKeyCredentialLink",
          "IsInherited": true
        },
        {
          "PrincipalSID": "S-1-5-21-3371459185-1406607600-1583401892-519",
          "PrincipalType": "Group",
          "RightName": "GenericAll",
          "IsInherited": true
        },
        {
          "PrincipalSID": "DOMAIN4.LOCAL-S-1-5-32-544",
          "PrincipalType": "Group",
          "RightName": "WriteDacl",
          "IsInherited": true
        },
        {
          "PrincipalSID": "DOMAIN4.LOCAL-S-1-5-32-544",
          "PrincipalType": "Group",
          "RightName": "WriteOwner",
          "IsInherited": true
        },
        {
          "PrincipalSID": "DOMAIN4.LOCAL-S-1-5-32-544",
          "PrincipalType": "Group",
          "RightName": "GenericWrite",
          "IsInherited": true
        }
      ],
      "ObjectIdentifier": "S-1-5-21-3371459185-1406607600-1583401892-1188",
      "IsDeleted": false,
      "IsACLProtected": false,
      "ContainedBy": {
        "ObjectIdentifier": "533A64C4-84A3-423B-8B2B-4F5E20F16F3F",
        "ObjectType": "Container"
      }
    },
    {
      "Properties": {
        "domain": "DOMAIN4.LOCAL",
        "name": "COMP_CC5B3A98.DOMAIN4.LOCAL",
        "distinguishedname": "CN=COMP_CC5B3A98,CN=COMPUTERS,DC=DOMAIN4,DC=LOCAL",
        "domainsid": "S-1-5-21-3371459185-1406607600-1583401892",
        "samaccountname": "COMP_CC5B3A98$",
        "haslaps": false,
        "isaclprotected": false,
        "description": null,
        "whencreated": 1708934718,
        "enabled": true,
        "unconstraineddelegation": false,
        "trustedtoauth": false,
        "isdc": false,
        "lastlogon": 0,
        "lastlogontimestamp": -1,
        "pwdlastset": 1708963518,
        "serviceprincipalnames": [],
        "email": null,
        "operatingsystem": null,
        "sidhistory": []
      },
      "PrimaryGroupSID": "S-1-5-21-3702535222-3822678775-2090119576-515",
      "AllowedToDelegate": [],
      "AllowedToAct": [],
      "HasSIDHistory": [],
      "DumpSMSAPassword": [],
      "Sessions": {
        "Results": [],
        "Collected": false,
        "FailureReason": null
      },
      "PrivilegedSessions": {
        "Results": [],
        "Collected": false,
        "FailureReason": null
      },
      "RegistrySessions": {
        "Results": [],
        "Collected": false,
        "FailureReason": null
      },
      "LocalGroups": [],
      "UserRights": [],
      "DCRegistryData": {
        "CertificateMappingMethods": null,
        "StrongCertificateBindingEnforcement": null
      },
      "Status": {
        "Connectable": false,
        "Error": "PortNotOpen"
      },
      "IsDC": false,
      "DomainSID": "S-1-5-21-3702535222-3822678775-2090119576",
      "Aces": [
        {
          "PrincipalSID": "S-1-5-21-3371459185-1406607600-1583401892-512",
          "PrincipalType": "Group",
          "RightName": "Owns",
          "IsInherited": false
        },
        {
          "PrincipalSID": "DOMAIN4.LOCAL-S-1-5-32-548",
          "PrincipalType": "Group",
          "RightName": "GenericAll",
          "IsInherited": false
        },
        {
          "PrincipalSID": "S-1-5-21-3371459185-1406607600-1583401892-512",
          "PrincipalType": "Group",
          "RightName": "GenericAll",
          "IsInherited": false
        },
        {
          "PrincipalSID": "S-1-5-21-3371459185-1406607600-1583401892-526",
          "PrincipalType": "Group",
          "RightName": "AddKeyCredentialLink",
          "IsInherited": true
        },
        {
          "PrincipalSID": "S-1-5-21-3371459185-1406607600-1583401892-527",
          "PrincipalType": "Group",
          "RightName": "AddKeyCredentialLink",
          "IsInherited": true
        },
        {
          "PrincipalSID": "S-1-5-21-3371459185-1406607600-1583401892-519",
          "PrincipalType": "Group",
          "RightName": "GenericAll",
          "IsInherited": true
        },
        {
          "PrincipalSID": "DOMAIN4.LOCAL-S-1-5-32-544",
          "PrincipalType": "Group",
          "RightName": "WriteDacl",
          "IsInherited": true
        },
        {
          "PrincipalSID": "DOMAIN4.LOCAL-S-1-5-32-544",
          "PrincipalType": "Group",
          "RightName": "WriteOwner",
          "IsInherited": true
        },
        {
          "PrincipalSID": "DOMAIN4.LOCAL-S-1-5-32-544",
          "PrincipalType": "Group",
          "RightName": "GenericWrite",
          "IsInherited": true
        }
      ],
      "ObjectIdentifier": "S-1-5-21-3371459185-1406607600-1583401892-1181",
      "IsDeleted": false,
      "IsACLProtected": false,
      "ContainedBy": {
        "ObjectIdentifier": "533A64C4-84A3-423B-8B2B-4F5E20F16F3F",
        "ObjectType": "Container"
      }
    },
    {
      "Properties": {
        "domain": "DOMAIN4.LOCAL",
        "name": "COMP_1D3BD02F.DOMAIN4.LOCAL",
        "distinguishedname": "CN=COMP_1D3BD02F,CN=COMPUTERS,DC=DOMAIN4,DC=LOCAL",
        "domainsid": "S-1-5-21-3371459185-1406607600-1583401892",
        "samaccountname": "COMP_1D3BD02F$",
        "haslaps": false,
        "isaclprotected": false,
        "description": null,
        "whencreated": 1708584973,
        "enabled": true,
        "unconstraineddelegation": false,
        "trustedtoauth": false,
        "isdc": false,
        "lastlogon": 0,
        "lastlogontimestamp": -1,
        "pwdlastset": 1708613773,
        "serviceprincipalnames": [],
        "email": null,
        "operatingsystem": null,
        "sidhistory": []
      },
      "PrimaryGroupSID": "S-1-5-21-3702535222-3822678775-2090119576-515",
      "AllowedToDelegate": [],
      "AllowedToAct": [],
      "HasSIDHistory": [],
      "DumpSMSAPassword": [],
      "Sessions": {
        "Results": [],
        "Collected": false,
        "FailureReason": null
      },
      "PrivilegedSessions": {
        "Results": [],
        "Collected": false,
        "FailureReason": null
      },
      "RegistrySessions": {
        "Results": [],
        "Collected": false,
        "FailureReason": null
      },
      "LocalGroups": [],
      "UserRights": [],
      "DCRegistryData": {
        "CertificateMappingMethods": null,
        "StrongCertificateBindingEnforcement": null
      },
      "Status": {
        "Connectable": false,
        "Error": "PortNotOpen"
      },
      "IsDC": false,
      "DomainSID": "S-1-5-21-3702535222-3822678775-2090119576",
      "Aces": [
        {
          "PrincipalSID": "S-1-5-21-3371459185-1406607600-1583401892-512",
          "PrincipalType": "Group",
          "RightName": "Owns",
          "IsInherited": false
        },
        {
          "PrincipalSID": "DOMAIN4.LOCAL-S-1-5-32-548",
          "PrincipalType": "Group",
          "RightName": "GenericAll",
          "IsInherited": false
        },
        {
          "PrincipalSID": "S-1-5-21-3371459185-1406607600-1583401892-512",
          "PrincipalType": "Group",
          "RightName": "GenericAll",
          "IsInherited": false
        },
        {
          "PrincipalSID": "S-1-5-21-3371459185-1406607600-1583401892-526",
          "PrincipalType": "Group",
          "RightName": "AddKeyCredentialLink",
          "IsInherited": true
        },
        {
          "PrincipalSID": "S-1-5-21-3371459185-1406607600-1583401892-527",
          "PrincipalType": "Group",
          "RightName": "AddKeyCredentialLink",
          "IsInherited": true
        },
        {
          "PrincipalSID": "S-1-5-21-3371459185-1406607600-1583401892-519",
          "PrincipalType": "Group",
          "RightName": "GenericAll",
          "IsInherited": true
        },
        {
          "PrincipalSID": "DOMAIN4.LOCAL-S-1-5-32-544",
          "PrincipalType": "Group",
          "RightName": "WriteDacl",
          "IsInherited": true
        },
        {
          "PrincipalSID": "DOMAIN4.LOCAL-S-1-5-32-544",
          "PrincipalType": "Group",
          "RightName": "WriteOwner",
          "IsInherited": true
        },
        {
          "PrincipalSID": "DOMAIN4.LOCAL-S-1-5-32-544",
          "PrincipalType": "Group",
          "RightName": "GenericWrite",
          "IsInherited": true
        }
      ],
      "ObjectIdentifier": "S-1-5-21-3371459185-1406607600-1583401892-1180",
      "IsDeleted": false,
      "IsACLProtected": false,
      "ContainedBy": {
        "ObjectIdentifier": "533A64C4-84A3-423B-8B2B-4F5E20F16F3F",
        "ObjectType": "Container"
      }
    },
    {
      "Properties": {
        "domain": "DOMAIN4.LOCAL",
        "name": "COMP_432207EE.DOMAIN4.LOCAL",
        "distinguishedname": "CN=COMP_432207EE,OU=DOMAIN CONTROLLERS,DC=DOMAIN4,DC=LOCAL",
        "domainsid": "S-1-5-21-3371459185-1406607600-1583401892",
        "samaccountname": "COMP_432207EE$",
        "haslaps": false,
        "isaclprotected": false,
        "description": null,
        "whencreated": 1668394831,
        "enabled": true,
        "unconstraineddelegation": true,
        "trustedtoauth": false,
        "isdc": true,
        "lastlogon": 1709665899,
        "lastlogontimestamp": 1709137481,
        "pwdlastset": 1707307709,
        "serviceprincipalnames": [
          "SVC_5742/HST_5A28E1.DOMAIN4.LOCAL",
          "Dfsr-12F9A27C-BF97-4787-9364-D31B6C55EB04/HST_5A28E1.DOMAIN4.LOCAL",
          "TERMSRV/HST_5A28E1.DOMAIN4.LOCAL",
          "ldap/HST_5A28E1.DOMAIN4.LOCAL/ForestDnsZones.DOMAIN4.LOCAL",
          "ldap/HST_5A28E1.DOMAIN4.LOCAL/DomainDnsZones.DOMAIN4.LOCAL",
          "DNS/HST_5A28E1.DOMAIN4.LOCAL",
          "GC/HST_5A28E1.DOMAIN4.LOCAL/DOMAIN4.LOCAL",
          "RestrictedKrbHost/HST_5A28E1.DOMAIN4.LOCAL",
          "HOST/HST_5A28E1.DOMAIN4.LOCAL/DOMAIN4",
          "HOST/HST_5A28E1.DOMAIN4.LOCAL",
          "HOST/HST_5A28E1.DOMAIN4.LOCAL/DOMAIN4.LOCAL",
          "ldap/HST_5A28E1.DOMAIN4.LOCAL/DOMAIN4",
          "ldap/HST_5A28E1.DOMAIN4.LOCAL",
          "ldap/HST_5A28E1.DOMAIN4.LOCAL/DOMAIN4.LOCAL",
          "SVC_E87C/HST_5A28E1",
          "TERMSRV/HST_5A28E1",
          "RestrictedKrbHost/HST_5A28E1",
          "RPC/HST_986906._msdcs.DOMAIN4.LOCAL",
          "HOST/HST_5A28E1/DOMAIN",
          "HOST/HST_5A28E1",
          "E3514235-4B06-11D1-AB04-00C04FC2DCD2/HST_986906/DOMAIN4.LOCAL",
          "ldap/HST_5A28E1/DOMAIN",
          "ldap/HST_986906._msdcs.DOMAIN4.LOCAL",
          "ldap/HST_5A28E1"
        ],
        "email": null,
        "operatingsystem": "Windows Server",
        "sidhistory": []
      },
      "PrimaryGroupSID": "S-1-5-21-3702535222-3822678775-2090119576-516",
      "AllowedToDelegate": [],
      "AllowedToAct": [],
      "HasSIDHistory": [],
      "DumpSMSAPassword": [],
      "Sessions": {
        "Results": [],
        "Collected": true,
        "FailureReason": null
      },
      "PrivilegedSessions": {
        "Results": [
          {
            "UserSID": "S-1-5-21-3371459185-1406607600-1583401892-1113",
            "ComputerSID": "S-1-5-21-3371459185-1406607600-1583401892-1000"
          },
          {
            "UserSID": "S-1-5-21-3371459185-1406607600-1583401892-1113",
            "ComputerSID": "S-1-5-21-3371459185-1406607600-1583401892-1000"
          }
        ],
        "Collected": true,
        "FailureReason": null
      },
      "RegistrySessions": {
        "Results": [
          {
            "UserSID": "S-1-5-21-3371459185-1406607600-1583401892-1113",
            "ComputerSID": "S-1-5-21-3371459185-1406607600-1583401892-1000"
          }
        ],
        "Collected": true,
        "FailureReason": null
      },
      "LocalGroups": [
        {
          "ObjectIdentifier": "DOMAIN4.LOCAL-S-1-5-32-549",
          "Name": "IGNOREME",
          "Results": [],
          "LocalNames": [],
          "Collected": true,
          "FailureReason": null
        },
        {
          "ObjectIdentifier": "DOMAIN4.LOCAL-S-1-5-32-548",
          "Name": "IGNOREME",
          "Results": [],
          "LocalNames": [],
          "Collected": true,
          "FailureReason": null
        },
        {
          "ObjectIdentifier": "DOMAIN4.LOCAL-S-1-5-32-554",
          "Name": "IGNOREME",
          "Results": [
            {
              "ObjectIdentifier": "DOMAIN4.LOCAL-S-1-5-11",
              "ObjectType": "Group"
            },
            {
              "ObjectIdentifier": "S-1-5-21-3371459185-1406607600-1583401892-1120",
              "ObjectType": "Computer"
            },
            {
              "ObjectIdentifier": "S-1-5-21-3371459185-1406607600-1583401892-1169",
              "ObjectType": "Computer"
            }
          ],
          "LocalNames": [],
          "Collected": true,
          "FailureReason": null
        },
        {
          "ObjectIdentifier": "DOMAIN4.LOCAL-S-1-5-32-557",
          "Name": "IGNOREME",
          "Results": [],
          "LocalNames": [],
          "Collected": true,
          "FailureReason": null
        },
        {
          "ObjectIdentifier": "DOMAIN4.LOCAL-S-1-5-32-560",
          "Name": "IGNOREME",
          "Results": [
            {
              "ObjectIdentifier": "DOMAIN4.LOCAL-S-1-5-9",
              "ObjectType": "Group"
            },
            {
              "ObjectIdentifier": "S-1-5-21-3371459185-1406607600-1583401892-1138",
              "ObjectType": "Group"
            }
          ],
          "LocalNames": [],
          "Collected": true,
          "FailureReason": null
        },
        {
          "ObjectIdentifier": "DOMAIN4.LOCAL-S-1-5-32-561",
          "Name": "IGNOREME",
          "Results": [],
          "LocalNames": [],
          "Collected": true,
          "FailureReason": null
        },
        {
          "ObjectIdentifier": "DOMAIN4.LOCAL-S-1-5-32-544",
          "Name": "IGNOREME",
          "Results": [
            {
              "ObjectIdentifier": "S-1-5-21-3371459185-1406607600-1583401892-500",
              "ObjectType": "User"
            },
            {
              "ObjectIdentifier": "S-1-5-21-3371459185-1406607600-1583401892-519",
              "ObjectType": "Group"
            },
            {
              "ObjectIdentifier": "S-1-5-21-3371459185-1406607600-1583401892-512",
              "ObjectType": "Group"
            },
            {
              "ObjectIdentifier": "S-1-5-21-3354139931-896117953-3418065721-2113",
              "ObjectType": "Base"
            },
            {
              "ObjectIdentifier": "S-1-5-21-3371459185-1406607600-1583401892-1105",
              "ObjectType": "Group"
            },
            {
              "ObjectIdentifier": "S-1-5-21-3371459185-1406607600-1583401892-1106",
              "ObjectType": "Group"
            },
            {
              "ObjectIdentifier": "S-1-5-21-3371459185-1406607600-1583401892-1119",
              "ObjectType": "User"
            }
          ],
          "LocalNames": [],
          "Collected": true,
          "FailureReason": null
        },
        {
          "ObjectIdentifier": "DOMAIN4.LOCAL-S-1-5-32-545",
          "Name": "IGNOREME",
          "Results": [
            {
              "ObjectIdentifier": "DOMAIN4.LOCAL-S-1-5-11",
              "ObjectType": "Group"
            },
            {
              "ObjectIdentifier": "S-1-5-21-3371459185-1406607600-1583401892-513",
              "ObjectType": "Group"
            }
          ],
          "LocalNames": [],
          "Collected": true,
          "FailureReason": null
        },
        {
          "ObjectIdentifier": "DOMAIN4.LOCAL-S-1-5-32-546",
          "Name": "IGNOREME",
          "Results": [
            {
              "ObjectIdentifier": "S-1-5-21-3371459185-1406607600-1583401892-501",
              "ObjectType": "User"
            },
            {
              "ObjectIdentifier": "S-1-5-21-3371459185-1406607600-1583401892-514",
              "ObjectType": "Group"
            }
          ],
          "LocalNames": [],
          "Collected": true,
          "FailureReason": null
        },
        {
          "ObjectIdentifier": "DOMAIN4.LOCAL-S-1-5-32-550",
          "Name": "IGNOREME",
          "Results": [],
          "LocalNames": [],
          "Collected": true,
          "FailureReason": null
        },
        {
          "ObjectIdentifier": "DOMAIN4.LOCAL-S-1-5-32-551",
          "Name": "IGNOREME",
          "Results": [],
          "LocalNames": [],
          "Collected": true,
          "FailureReason": null
        },
        {
          "ObjectIdentifier": "DOMAIN4.LOCAL-S-1-5-32-552",
          "Name": "IGNOREME",
          "Results": [],
          "LocalNames": [],
          "Collected": true,
          "FailureReason": null
        },
        {
          "ObjectIdentifier": "DOMAIN4.LOCAL-S-1-5-32-555",
          "Name": "IGNOREME",
          "Results": [],
          "LocalNames": [],
          "Collected": true,
          "FailureReason": null
        },
        {
          "ObjectIdentifier": "DOMAIN4.LOCAL-S-1-5-32-556",
          "Name": "IGNOREME",
          "Results": [],
          "LocalNames": [],
          "Collected": true,
          "FailureReason": null
        },
        {
          "ObjectIdentifier": "DOMAIN4.LOCAL-S-1-5-32-558",
          "Name": "IGNOREME",
          "Results": [],
          "LocalNames": [],
          "Collected": true,
          "FailureReason": null
        },
        {
          "ObjectIdentifier": "DOMAIN4.LOCAL-S-1-5-32-559",
          "Name": "IGNOREME",
          "Results": [],
          "LocalNames": [],
          "Collected": true,
          "FailureReason": null
        },
        {
          "ObjectIdentifier": "DOMAIN4.LOCAL-S-1-5-32-562",
          "Name": "IGNOREME",
          "Results": [],
          "LocalNames": [],
          "Collected": true,
          "FailureReason": null
        },
        {
          "ObjectIdentifier": "DOMAIN4.LOCAL-S-1-5-32-568",
          "Name": "IGNOREME",
          "Results": [
            {
              "ObjectIdentifier": "DOMAIN4.LOCAL-S-1-5-17",
              "ObjectType": "Group"
            }
          ],
          "LocalNames": [],
          "Collected": true,
          "FailureReason": null
        },
        {
          "ObjectIdentifier": "DOMAIN4.LOCAL-S-1-5-32-569",
          "Name": "IGNOREME",
          "Results": [],
          "LocalNames": [],
          "Collected": true,
          "FailureReason": null
        },
        {
          "ObjectIdentifier": "DOMAIN4.LOCAL-S-1-5-32-573",
          "Name": "IGNOREME",
          "Results": [],
          "LocalNames": [],
          "Collected": true,
          "FailureReason": null
        },
        {
          "ObjectIdentifier": "DOMAIN4.LOCAL-S-1-5-32-574",
          "Name": "IGNOREME",
          "Results": [],
          "LocalNames": [],
          "Collected": true,
          "FailureReason": null
        },
        {
          "ObjectIdentifier": "DOMAIN4.LOCAL-S-1-5-32-575",
          "Name": "IGNOREME",
          "Results": [],
          "LocalNames": [],
          "Collected": true,
          "FailureReason": null
        },
        {
          "ObjectIdentifier": "DOMAIN4.LOCAL-S-1-5-32-576",
          "Name": "IGNOREME",
          "Results": [],
          "LocalNames": [],
          "Collected": true,
          "FailureReason": null
        },
        {
          "ObjectIdentifier": "DOMAIN4.LOCAL-S-1-5-32-577",
          "Name": "IGNOREME",
          "Results": [],
          "LocalNames": [],
          "Collected": true,
          "FailureReason": null
        },
        {
          "ObjectIdentifier": "DOMAIN4.LOCAL-S-1-5-32-578",
          "Name": "IGNOREME",
          "Results": [],
          "LocalNames": [],
          "Collected": true,
          "FailureReason": null
        },
        {
          "ObjectIdentifier": "DOMAIN4.LOCAL-S-1-5-32-579",
          "Name": "IGNOREME",
          "Results": [],
          "LocalNames": [],
          "Collected": true,
          "FailureReason": null
        },
        {
          "ObjectIdentifier": "DOMAIN4.LOCAL-S-1-5-32-580",
          "Name": "IGNOREME",
          "Results": [],
          "LocalNames": [],
          "Collected": true,
          "FailureReason": null
        },
        {
          "ObjectIdentifier": "DOMAIN4.LOCAL-S-1-5-32-582",
          "Name": "IGNOREME",
          "Results": [],
          "LocalNames": [],
          "Collected": true,
          "FailureReason": null
        }
      ],
      "UserRights": [
        {
          "Privilege": "SeRemoteInteractiveLogonRight",
          "Results": [
            {
              "ObjectIdentifier": "DOMAIN4.LOCAL-S-1-5-32-544",
              "ObjectType": "Group"
            }
          ],
          "LocalNames": [],
          "Collected": true,
          "FailureReason": null
        }
      ],
      "DCRegistryData": {
        "CertificateMappingMethods": {
          "Value": 24,
          "Collected": true,
          "FailureReason": null
        },
        "StrongCertificateBindingEnforcement": {
          "Value": 1,
          "Collected": true,
          "FailureReason": null
        }
      },
      "Status": null,
      "IsDC": true,
      "DomainSID": "S-1-5-21-3702535222-3822678775-2090119576",
      "Aces": [
        {
          "PrincipalSID": "S-1-5-21-3371459185-1406607600-1583401892-512",
          "PrincipalType": "Group",
          "RightName": "Owns",
          "IsInherited": false
        },
        {
          "PrincipalSID": "S-1-5-21-3371459185-1406607600-1583401892-512",
          "PrincipalType": "Group",
          "RightName": "GenericAll",
          "IsInherited": false
        },
        {
          "PrincipalSID": "S-1-5-21-3371459185-1406607600-1583401892-526",
          "PrincipalType": "Group",
          "RightName": "AddKeyCredentialLink",
          "IsInherited": true
        },
        {
          "PrincipalSID": "S-1-5-21-3371459185-1406607600-1583401892-527",
          "PrincipalType": "Group",
          "RightName": "AddKeyCredentialLink",
          "IsInherited": true
        },
        {
          "PrincipalSID": "S-1-5-21-3371459185-1406607600-1583401892-519",
          "PrincipalType": "Group",
          "RightName": "GenericAll",
          "IsInherited": true
        },
        {
          "PrincipalSID": "DOMAIN4.LOCAL-S-1-5-32-544",
          "PrincipalType": "Group",
          "RightName": "WriteDacl",
          "IsInherited": true
        },
        {
          "PrincipalSID": "DOMAIN4.LOCAL-S-1-5-32-544",
          "PrincipalType": "Group",
          "RightName": "WriteOwner",
          "IsInherited": true
        },
        {
          "PrincipalSID": "DOMAIN4.LOCAL-S-1-5-32-544",
          "PrincipalType": "Group",
          "RightName": "GenericWrite",
          "IsInherited": true
        }
      ],
      "ObjectIdentifier": "S-1-5-21-3371459185-1406607600-1583401892-1000",
      "IsDeleted": false,
      "IsACLProtected": false,
      "ContainedBy": {
        "ObjectIdentifier": "937D95A4-85E5-48A3-8BFC-3B5E4930224F",
        "ObjectType": "OU"
      }
    },
    {
      "Properties": {
        "domain": "DOMAIN4.LOCAL",
        "name": "COMP_5FEB55C1.DOMAIN4.LOCAL",
        "distinguishedname": "CN=COMP_5FEB55C1,CN=COMPUTERS,DC=DOMAIN4,DC=LOCAL",
        "domainsid": "S-1-5-21-3371459185-1406607600-1583401892",
        "samaccountname": "COMP_5FEB55C1$",
        "haslaps": false,
        "isaclprotected": false,
        "description": null,
        "whencreated": 1683819588,
        "enabled": true,
        "unconstraineddelegation": false,
        "trustedtoauth": false,
        "isdc": false,
        "lastlogon": 1709665908,
        "lastlogontimestamp": 1709665899,
        "pwdlastset": 1707329093,
        "serviceprincipalnames": [
          "WSMAN/HST_AFD008.DOMAIN4.LOCAL",
          "TERMSRV/HST_AFD008.DOMAIN4.LOCAL",
          "RestrictedKrbHost/HST_AFD008.DOMAIN4.LOCAL",
          "HOST/HST_AFD008.DOMAIN4.LOCAL",
          "WSMAN/HST_AFD008",
          "TERMSRV/HST_AFD008",
          "RestrictedKrbHost/HST_AFD008",
          "HOST/HST_AFD008"
        ],
        "email": null,
        "operatingsystem": "Windows Server",
        "sidhistory": []
      },
      "PrimaryGroupSID": "S-1-5-21-3702535222-3822678775-2090119576-515",
      "AllowedToDelegate": [],
      "AllowedToAct": [
        {
          "ObjectIdentifier": "S-1-5-21-3702535222-3822678775-2090119576-1169",
          "ObjectType": "Computer"
        }
      ],
      "HasSIDHistory": [],
      "DumpSMSAPassword": [],
      "Sessions": {
        "Results": [],
        "Collected": true,
        "FailureReason": null
      },
      "PrivilegedSessions": {
        "Results": [
          {
            "UserSID": "S-1-5-21-3371459185-1406607600-1583401892-1113",
            "ComputerSID": "S-1-5-21-3371459185-1406607600-1583401892-1120"
          },
          {
            "UserSID": "S-1-5-21-3371459185-1406607600-1583401892-1113",
            "ComputerSID": "S-1-5-21-3371459185-1406607600-1583401892-1120"
          }
        ],
        "Collected": true,
        "FailureReason": null
      },
      "RegistrySessions": {
        "Results": [
          {
            "UserSID": "S-1-5-21-3371459185-1406607600-1583401892-1113",
            "ComputerSID": "S-1-5-21-3371459185-1406607600-1583401892-1120"
          }
        ],
        "Collected": true,
        "FailureReason": null
      },
      "LocalGroups": [
        {
          "ObjectIdentifier": "S-1-5-21-3702535222-3822678775-2090119576-1120-1000",
          "Name": "BOOH@EXTCA01.WRAITH.CORP",
          "Results": [],
          "LocalNames": [],
          "Collected": true,
          "FailureReason": null
        },
        {
          "ObjectIdentifier": "S-1-5-21-3702535222-3822678775-2090119576-1120-579",
          "Name": "ACCESS CONTROL ASSISTANCE OPERATORS@EXTCA01.WRAITH.CORP",
          "Results": [],
          "LocalNames": [],
          "Collected": true,
          "FailureReason": null
        },
        {
          "ObjectIdentifier": "S-1-5-21-3702535222-3822678775-2090119576-1120-544",
          "Name": "ADMINISTRATORS@EXTCA01.WRAITH.CORP",
          "Results": [
            {
              "ObjectIdentifier": "S-1-5-21-3371459185-1406607600-1583401892-512",
              "ObjectType": "Group"
            },
            {
              "ObjectIdentifier": "S-1-5-21-3371459185-1406607600-1583401892-1166",
              "ObjectType": "User"
            }
          ],
          "LocalNames": [],
          "Collected": true,
          "FailureReason": null
        },
        {
          "ObjectIdentifier": "S-1-5-21-3702535222-3822678775-2090119576-1120-551",
          "Name": "BACKUP OPERATORS@EXTCA01.WRAITH.CORP",
          "Results": [],
          "LocalNames": [],
          "Collected": true,
          "FailureReason": null
        },
        {
          "ObjectIdentifier": "S-1-5-21-3702535222-3822678775-2090119576-1120-574",
          "Name": "CERTIFICATE SERVICE DCOM ACCESS@EXTCA01.WRAITH.CORP",
          "Results": [
            {
              "ObjectIdentifier": "DOMAIN4.LOCAL-S-1-5-11",
              "ObjectType": "Group"
            }
          ],
          "LocalNames": [],
          "Collected": true,
          "FailureReason": null
        },
        {
          "ObjectIdentifier": "S-1-5-21-3702535222-3822678775-2090119576-1120-569",
          "Name": "CRYPTOGRAPHIC OPERATORS@EXTCA01.WRAITH.CORP",
          "Results": [],
          "LocalNames": [],
          "Collected": true,
          "FailureReason": null
        },
        {
          "ObjectIdentifier": "S-1-5-21-3702535222-3822678775-2090119576-1120-583",
          "Name": "DEVICE OWNERS@EXTCA01.WRAITH.CORP",
          "Results": [],
          "LocalNames": [],
          "Collected": true,
          "FailureReason": null
        },
        {
          "ObjectIdentifier": "S-1-5-21-3702535222-3822678775-2090119576-1120-562",
          "Name": "DISTRIBUTED COM USERS@EXTCA01.WRAITH.CORP",
          "Results": [],
          "LocalNames": [],
          "Collected": true,
          "FailureReason": null
        },
        {
          "ObjectIdentifier": "S-1-5-21-3702535222-3822678775-2090119576-1120-573",
          "Name": "EVENT LOG READERS@EXTCA01.WRAITH.CORP",
          "Results": [],
          "LocalNames": [],
          "Collected": true,
          "FailureReason": null
        },
        {
          "ObjectIdentifier": "S-1-5-21-3702535222-3822678775-2090119576-1120-546",
          "Name": "GUESTS@EXTCA01.WRAITH.CORP",
          "Results": [],
          "LocalNames": [],
          "Collected": true,
          "FailureReason": null
        },
        {
          "ObjectIdentifier": "S-1-5-21-3702535222-3822678775-2090119576-1120-578",
          "Name": "HYPER-V ADMINISTRATORS@EXTCA01.WRAITH.CORP",
          "Results": [],
          "LocalNames": [],
          "Collected": true,
          "FailureReason": null
        },
        {
          "ObjectIdentifier": "S-1-5-21-3702535222-3822678775-2090119576-1120-568",
          "Name": "IIS_IUSRS@EXTCA01.WRAITH.CORP",
          "Results": [],
          "LocalNames": [],
          "Collected": true,
          "FailureReason": null
        },
        {
          "ObjectIdentifier": "S-1-5-21-3702535222-3822678775-2090119576-1120-556",
          "Name": "NETWORK CONFIGURATION OPERATORS@EXTCA01.WRAITH.CORP",
          "Results": [],
          "LocalNames": [],
          "Collected": true,
          "FailureReason": null
        },
        {
          "ObjectIdentifier": "S-1-5-21-3702535222-3822678775-2090119576-1120-559",
          "Name": "PERFORMANCE LOG USERS@EXTCA01.WRAITH.CORP",
          "Results": [],
          "LocalNames": [],
          "Collected": true,
          "FailureReason": null
        },
        {
          "ObjectIdentifier": "S-1-5-21-3702535222-3822678775-2090119576-1120-558",
          "Name": "PERFORMANCE MONITOR USERS@EXTCA01.WRAITH.CORP",
          "Results": [],
          "LocalNames": [],
          "Collected": true,
          "FailureReason": null
        },
        {
          "ObjectIdentifier": "S-1-5-21-3702535222-3822678775-2090119576-1120-547",
          "Name": "POWER USERS@EXTCA01.WRAITH.CORP",
          "Results": [],
          "LocalNames": [],
          "Collected": true,
          "FailureReason": null
        },
        {
          "ObjectIdentifier": "S-1-5-21-3702535222-3822678775-2090119576-1120-550",
          "Name": "PRINT OPERATORS@EXTCA01.WRAITH.CORP",
          "Results": [],
          "LocalNames": [],
          "Collected": true,
          "FailureReason": null
        },
        {
          "ObjectIdentifier": "S-1-5-21-3702535222-3822678775-2090119576-1120-576",
          "Name": "RDS ENDPOINT SERVERS@EXTCA01.WRAITH.CORP",
          "Results": [],
          "LocalNames": [],
          "Collected": true,
          "FailureReason": null
        },
        {
          "ObjectIdentifier": "S-1-5-21-3702535222-3822678775-2090119576-1120-577",
          "Name": "RDS MANAGEMENT SERVERS@EXTCA01.WRAITH.CORP",
          "Results": [],
          "LocalNames": [],
          "Collected": true,
          "FailureReason": null
        },
        {
          "ObjectIdentifier": "S-1-5-21-3702535222-3822678775-2090119576-1120-575",
          "Name": "RDS REMOTE ACCESS SERVERS@EXTCA01.WRAITH.CORP",
          "Results": [],
          "LocalNames": [],
          "Collected": true,
          "FailureReason": null
        },
        {
          "ObjectIdentifier": "S-1-5-21-3702535222-3822678775-2090119576-1120-555",
          "Name": "REMOTE DESKTOP USERS@EXTCA01.WRAITH.CORP",
          "Results": [],
          "LocalNames": [],
          "Collected": true,
          "FailureReason": null
        },
        {
          "ObjectIdentifier": "S-1-5-21-3702535222-3822678775-2090119576-1120-580",
          "Name": "REMOTE MANAGEMENT USERS@EXTCA01.WRAITH.CORP",
          "Results": [],
          "LocalNames": [],
          "Collected": true,
          "FailureReason": null
        },
        {
          "ObjectIdentifier": "S-1-5-21-3702535222-3822678775-2090119576-1120-552",
          "Name": "REPLICATOR@EXTCA01.WRAITH.CORP",
          "Results": [],
          "LocalNames": [],
          "Collected": true,
          "FailureReason": null
        },
        {
          "ObjectIdentifier": "S-1-5-21-3702535222-3822678775-2090119576-1120-582",
          "Name": "STORAGE REPLICA ADMINISTRATORS@EXTCA01.WRAITH.CORP",
          "Results": [],
          "LocalNames": [],
          "Collected": true,
          "FailureReason": null
        },
        {
          "ObjectIdentifier": "S-1-5-21-3702535222-3822678775-2090119576-1120-581",
          "Name": "SYSTEM MANAGED ACCOUNTS GROUP@EXTCA01.WRAITH.CORP",
          "Results": [],
          "LocalNames": [],
          "Collected": true,
          "FailureReason": null
        },
        {
          "ObjectIdentifier": "S-1-5-21-3702535222-3822678775-2090119576-1120-545",
          "Name": "USERS@EXTCA01.WRAITH.CORP",
          "Results": [
            {
              "ObjectIdentifier": "DOMAIN4.LOCAL-S-1-5-11",
              "ObjectType": "Group"
            },
            {
              "ObjectIdentifier": "S-1-5-21-3371459185-1406607600-1583401892-513",
              "ObjectType": "Group"
            }
          ],
          "LocalNames": [],
          "Collected": true,
          "FailureReason": null
        }
      ],
      "UserRights": [
        {
          "Privilege": "SeRemoteInteractiveLogonRight",
          "Results": [
            {
              "ObjectIdentifier": "S-1-5-21-3702535222-3822678775-2090119576-1120-555",
              "ObjectType": "LocalGroup"
            },
            {
              "ObjectIdentifier": "S-1-5-21-3702535222-3822678775-2090119576-1120-544",
              "ObjectType": "LocalGroup"
            }
          ],
          "LocalNames": [],
          "Collected": true,
          "FailureReason": null
        }
      ],
      "DCRegistryData": {
        "CertificateMappingMethods": null,
        "StrongCertificateBindingEnforcement": null
      },
      "Status": null,
      "IsDC": false,
      "DomainSID": "S-1-5-21-3702535222-3822678775-2090119576",
      "Aces": [
        {
          "PrincipalSID": "S-1-5-21-3371459185-1406607600-1583401892-512",
          "PrincipalType": "Group",
          "RightName": "Owns",
          "IsInherited": false
        },
        {
          "PrincipalSID": "DOMAIN4.LOCAL-S-1-5-32-548",
          "PrincipalType": "Group",
          "RightName": "GenericAll",
          "IsInherited": false
        },
        {
          "PrincipalSID": "S-1-5-21-3371459185-1406607600-1583401892-512",
          "PrincipalType": "Group",
          "RightName": "GenericAll",
          "IsInherited": false
        },
        {
          "PrincipalSID": "S-1-5-21-3371459185-1406607600-1583401892-526",
          "PrincipalType": "Group",
          "RightName": "AddKeyCredentialLink",
          "IsInherited": true
        },
        {
          "PrincipalSID": "S-1-5-21-3371459185-1406607600-1583401892-527",
          "PrincipalType": "Group",
          "RightName": "AddKeyCredentialLink",
          "IsInherited": true
        },
        {
          "PrincipalSID": "S-1-5-21-3371459185-1406607600-1583401892-519",
          "PrincipalType": "Group",
          "RightName": "GenericAll",
          "IsInherited": true
        },
        {
          "PrincipalSID": "DOMAIN4.LOCAL-S-1-5-32-544",
          "PrincipalType": "Group",
          "RightName": "WriteDacl",
          "IsInherited": true
        },
        {
          "PrincipalSID": "DOMAIN4.LOCAL-S-1-5-32-544",
          "PrincipalType": "Group",
          "RightName": "WriteOwner",
          "IsInherited": true
        },
        {
          "PrincipalSID": "DOMAIN4.LOCAL-S-1-5-32-544",
          "PrincipalType": "Group",
          "RightName": "GenericWrite",
          "IsInherited": true
        }
      ],
      "ObjectIdentifier": "S-1-5-21-3371459185-1406607600-1583401892-1120",
      "IsDeleted": false,
      "IsACLProtected": false,
      "ContainedBy": {
        "ObjectIdentifier": "533A64C4-84A3-423B-8B2B-4F5E20F16F3F",
        "ObjectType": "Container"
      }
    },
    {
      "Properties": {
        "domain": "DOMAIN4.LOCAL",
        "name": "COMP_B58C7DEA.DOMAIN4.LOCAL",
        "distinguishedname": "CN=COMP_B58C7DEA,CN=COMPUTERS,DC=DOMAIN4,DC=LOCAL",
        "domainsid": "S-1-5-21-3371459185-1406607600-1583401892",
        "samaccountname": "COMP_B58C7DEA$",
        "haslaps": false,
        "isaclprotected": false,
        "description": null,
        "whencreated": 1683819588,
        "enabled": true,
        "unconstraineddelegation": true,
        "trustedtoauth": false,
        "isdc": false,
        "lastlogon": 1709665908,
        "lastlogontimestamp": 1709665899,
        "pwdlastset": 1707329093,
        "serviceprincipalnames": [
          "WSMAN/HST_CCD13C.DOMAIN4.LOCAL",
          "TERMSRV/HST_CCD13C.DOMAIN4.LOCAL",
          "RestrictedKrbHost/HST_CCD13C.DOMAIN4.LOCAL",
          "HOST/HST_CCD13C.DOMAIN4.LOCAL",
          "WSMAN/HST_CCD13C",
          "TERMSRV/HST_CCD13C",
          "RestrictedKrbHost/HST_CCD13C",
          "HOST/HST_CCD13C"
        ],
        "email": null,
        "operatingsystem": "Windows Server",
        "sidhistory": []
      },
      "PrimaryGroupSID": "S-1-5-21-3702535222-3822678775-2090119576-515",
      "AllowedToDelegate": [],
      "AllowedToAct": [],
      "HasSIDHistory": [],
      "DumpSMSAPassword": [],
      "Sessions": {
        "Results": [],
        "Collected": true,
        "FailureReason": null
      },
      "PrivilegedSessions": {
        "Results": [
          {
            "UserSID": "S-1-5-21-3371459185-1406607600-1583401892-1113",
            "ComputerSID": "S-1-5-21-3371459185-1406607600-1583401892-11203"
          },
          {
            "UserSID": "S-1-5-21-3371459185-1406607600-1583401892-1113",
            "ComputerSID": "S-1-5-21-3371459185-1406607600-1583401892-11203"
          }
        ],
        "Collected": true,
        "FailureReason": null
      },
      "RegistrySessions": {
        "Results": [
          {
            "UserSID": "S-1-5-21-3371459185-1406607600-1583401892-1113",
            "ComputerSID": "S-1-5-21-3371459185-1406607600-1583401892-11203"
          }
        ],
        "Collected": true,
        "FailureReason": null
      },
      "LocalGroups": [
        {
          "ObjectIdentifier": "S-1-5-21-3702535222-3822678775-2090119576-11203-1000",
          "Name": "BOOH@UNCON.WRAITH.CORP",
          "Results": [],
          "LocalNames": [],
          "Collected": true,
          "FailureReason": null
        },
        {
          "ObjectIdentifier": "S-1-5-21-3702535222-3822678775-2090119576-11203-579",
          "Name": "ACCESS CONTROL ASSISTANCE OPERATORS@UNCON.WRAITH.CORP",
          "Results": [],
          "LocalNames": [],
          "Collected": true,
          "FailureReason": null
        },
        {
          "ObjectIdentifier": "S-1-5-21-3702535222-3822678775-2090119576-11203-544",
          "Name": "ADMINISTRATORS@UNCON.WRAITH.CORP",
          "Results": [
            {
              "ObjectIdentifier": "S-1-5-21-3371459185-1406607600-1583401892-512",
              "ObjectType": "Group"
            },
            {
              "ObjectIdentifier": "S-1-5-21-3371459185-1406607600-1583401892-1166",
              "ObjectType": "User"
            }
          ],
          "LocalNames": [],
          "Collected": true,
          "FailureReason": null
        },
        {
          "ObjectIdentifier": "S-1-5-21-3702535222-3822678775-2090119576-11203-551",
          "Name": "BACKUP OPERATORS@UNCON.WRAITH.CORP",
          "Results": [],
          "LocalNames": [],
          "Collected": true,
          "FailureReason": null
        },
        {
          "ObjectIdentifier": "S-1-5-21-3702535222-3822678775-2090119576-11203-574",
          "Name": "CERTIFICATE SERVICE DCOM ACCESS@UNCON.WRAITH.CORP",
          "Results": [
            {
              "ObjectIdentifier": "DOMAIN4.LOCAL-S-1-5-11",
              "ObjectType": "Group"
            }
          ],
          "LocalNames": [],
          "Collected": true,
          "FailureReason": null
        },
        {
          "ObjectIdentifier": "S-1-5-21-3702535222-3822678775-2090119576-11203-569",
          "Name": "CRYPTOGRAPHIC OPERATORS@UNCON.WRAITH.CORP",
          "Results": [],
          "LocalNames": [],
          "Collected": true,
          "FailureReason": null
        },
        {
          "ObjectIdentifier": "S-1-5-21-3702535222-3822678775-2090119576-11203-583",
          "Name": "DEVICE OWNERS@UNCON.WRAITH.CORP",
          "Results": [],
          "LocalNames": [],
          "Collected": true,
          "FailureReason": null
        },
        {
          "ObjectIdentifier": "S-1-5-21-3702535222-3822678775-2090119576-11203-562",
          "Name": "DISTRIBUTED COM USERS@UNCON.WRAITH.CORP",
          "Results": [],
          "LocalNames": [],
          "Collected": true,
          "FailureReason": null
        },
        {
          "ObjectIdentifier": "S-1-5-21-3702535222-3822678775-2090119576-11203-573",
          "Name": "EVENT LOG READERS@UNCON.WRAITH.CORP",
          "Results": [],
          "LocalNames": [],
          "Collected": true,
          "FailureReason": null
        },
        {
          "ObjectIdentifier": "S-1-5-21-3702535222-3822678775-2090119576-11203-546",
          "Name": "GUESTS@UNCON.WRAITH.CORP",
          "Results": [],
          "LocalNames": [],
          "Collected": true,
          "FailureReason": null
        },
        {
          "ObjectIdentifier": "S-1-5-21-3702535222-3822678775-2090119576-11203-578",
          "Name": "HYPER-V ADMINISTRATORS@UNCON.WRAITH.CORP",
          "Results": [],
          "LocalNames": [],
          "Collected": true,
          "FailureReason": null
        },
        {
          "ObjectIdentifier": "S-1-5-21-3702535222-3822678775-2090119576-11203-568",
          "Name": "IIS_IUSRS@UNCON.WRAITH.CORP",
          "Results": [],
          "LocalNames": [],
          "Collected": true,
          "FailureReason": null
        },
        {
          "ObjectIdentifier": "S-1-5-21-3702535222-3822678775-2090119576-11203-556",
          "Name": "NETWORK CONFIGURATION OPERATORS@UNCON.WRAITH.CORP",
          "Results": [],
          "LocalNames": [],
          "Collected": true,
          "FailureReason": null
        },
        {
          "ObjectIdentifier": "S-1-5-21-3702535222-3822678775-2090119576-1120-559",
          "Name": "PERFORMANCE LOG USERS@UNCON.WRAITH.CORP",
          "Results": [],
          "LocalNames": [],
          "Collected": true,
          "FailureReason": null
        },
        {
          "ObjectIdentifier": "S-1-5-21-3702535222-3822678775-2090119576-11203-558",
          "Name": "PERFORMANCE MONITOR USERS@UNCON.WRAITH.CORP",
          "Results": [],
          "LocalNames": [],
          "Collected": true,
          "FailureReason": null
        },
        {
          "ObjectIdentifier": "S-1-5-21-3702535222-3822678775-2090119576-11203-547",
          "Name": "POWER USERS@UNCON.WRAITH.CORP",
          "Results": [],
          "LocalNames": [],
          "Collected": true,
          "FailureReason": null
        },
        {
          "ObjectIdentifier": "S-1-5-21-3702535222-3822678775-2090119576-11203-550",
          "Name": "PRINT OPERATORS@UNCON.WRAITH.CORP",
          "Results": [],
          "LocalNames": [],
          "Collected": true,
          "FailureReason": null
        },
        {
          "ObjectIdentifier": "S-1-5-21-3702535222-3822678775-2090119576-11203-576",
          "Name": "RDS ENDPOINT SERVERS@UNCON.WRAITH.CORP",
          "Results": [],
          "LocalNames": [],
          "Collected": true,
          "FailureReason": null
        },
        {
          "ObjectIdentifier": "S-1-5-21-3702535222-3822678775-2090119576-11203-577",
          "Name": "RDS MANAGEMENT SERVERS@UNCON.WRAITH.CORP",
          "Results": [],
          "LocalNames": [],
          "Collected": true,
          "FailureReason": null
        },
        {
          "ObjectIdentifier": "S-1-5-21-3702535222-3822678775-2090119576-11203-575",
          "Name": "RDS REMOTE ACCESS SERVERS@UNCON.WRAITH.CORP",
          "Results": [],
          "LocalNames": [],
          "Collected": true,
          "FailureReason": null
        },
        {
          "ObjectIdentifier": "S-1-5-21-3702535222-3822678775-2090119576-11203-555",
          "Name": "REMOTE DESKTOP USERS@UNCON.WRAITH.CORP",
          "Results": [],
          "LocalNames": [],
          "Collected": true,
          "FailureReason": null
        },
        {
          "ObjectIdentifier": "S-1-5-21-3702535222-3822678775-2090119576-11203-580",
          "Name": "REMOTE MANAGEMENT USERS@UNCON.WRAITH.CORP",
          "Results": [],
          "LocalNames": [],
          "Collected": true,
          "FailureReason": null
        },
        {
          "ObjectIdentifier": "S-1-5-21-3702535222-3822678775-2090119576-11203-552",
          "Name": "REPLICATOR@UNCON.WRAITH.CORP",
          "Results": [],
          "LocalNames": [],
          "Collected": true,
          "FailureReason": null
        },
        {
          "ObjectIdentifier": "S-1-5-21-3702535222-3822678775-2090119576-11203-582",
          "Name": "STORAGE REPLICA ADMINISTRATORS@UNCON.WRAITH.CORP",
          "Results": [],
          "LocalNames": [],
          "Collected": true,
          "FailureReason": null
        },
        {
          "ObjectIdentifier": "S-1-5-21-3702535222-3822678775-2090119576-11203-581",
          "Name": "SYSTEM MANAGED ACCOUNTS GROUP@UNCON.WRAITH.CORP",
          "Results": [],
          "LocalNames": [],
          "Collected": true,
          "FailureReason": null
        },
        {
          "ObjectIdentifier": "S-1-5-21-3702535222-3822678775-2090119576-11203-545",
          "Name": "USERS@UNCON.WRAITH.CORP",
          "Results": [
            {
              "ObjectIdentifier": "DOMAIN4.LOCAL-S-1-5-11",
              "ObjectType": "Group"
            },
            {
              "ObjectIdentifier": "S-1-5-21-3371459185-1406607600-1583401892-513",
              "ObjectType": "Group"
            }
          ],
          "LocalNames": [],
          "Collected": true,
          "FailureReason": null
        }
      ],
      "UserRights": [
        {
          "Privilege": "SeRemoteInteractiveLogonRight",
          "Results": [
            {
              "ObjectIdentifier": "S-1-5-21-3702535222-3822678775-2090119576-11203-555",
              "ObjectType": "LocalGroup"
            },
            {
              "ObjectIdentifier": "S-1-5-21-3702535222-3822678775-2090119576-11203-544",
              "ObjectType": "LocalGroup"
            }
          ],
          "LocalNames": [],
          "Collected": true,
          "FailureReason": null
        }
      ],
      "DCRegistryData": {
        "CertificateMappingMethods": null,
        "StrongCertificateBindingEnforcement": null
      },
      "Status": null,
      "IsDC": false,
      "DomainSID": "S-1-5-21-3702535222-3822678775-2090119576",
      "Aces": [
        {
          "PrincipalSID": "S-1-5-21-3371459185-1406607600-1583401892-512",
          "PrincipalType": "Group",
          "RightName": "Owns",
          "IsInherited": false
        },
        {
          "PrincipalSID": "DOMAIN4.LOCAL-S-1-5-32-548",
          "PrincipalType": "Group",
          "RightName": "GenericAll",
          "IsInherited": false
        },
        {
          "PrincipalSID": "S-1-5-21-3371459185-1406607600-1583401892-512",
          "PrincipalType": "Group",
          "RightName": "GenericAll",
          "IsInherited": false
        },
        {
          "PrincipalSID": "S-1-5-21-3371459185-1406607600-1583401892-526",
          "PrincipalType": "Group",
          "RightName": "AddKeyCredentialLink",
          "IsInherited": true
        },
        {
          "PrincipalSID": "S-1-5-21-3371459185-1406607600-1583401892-527",
          "PrincipalType": "Group",
          "RightName": "AddKeyCredentialLink",
          "IsInherited": true
        },
        {
          "PrincipalSID": "S-1-5-21-3371459185-1406607600-1583401892-519",
          "PrincipalType": "Group",
          "RightName": "GenericAll",
          "IsInherited": true
        },
        {
          "PrincipalSID": "DOMAIN4.LOCAL-S-1-5-32-544",
          "PrincipalType": "Group",
          "RightName": "WriteDacl",
          "IsInherited": true
        },
        {
          "PrincipalSID": "DOMAIN4.LOCAL-S-1-5-32-544",
          "PrincipalType": "Group",
          "RightName": "WriteOwner",
          "IsInherited": true
        },
        {
          "PrincipalSID": "DOMAIN4.LOCAL-S-1-5-32-544",
          "PrincipalType": "Group",
          "RightName": "GenericWrite",
          "IsInherited": true
        }
      ],
      "ObjectIdentifier": "S-1-5-21-3371459185-1406607600-1583401892-11203",
      "IsDeleted": false,
      "IsACLProtected": false,
      "ContainedBy": {
        "ObjectIdentifier": "533A64C4-84A3-423B-8B2B-4F5E20F16F3F",
        "ObjectType": "Container"
      }
    },
    {
      "Properties": {
        "domain": "DOMAIN4.LOCAL",
        "name": "COMP_ECE24466.DOMAIN4.LOCAL",
        "distinguishedname": "CN=COMP_ECE24466,CN=COMPUTERS,DC=DOMAIN4,DC=LOCAL",
        "domainsid": "S-1-5-21-3371459185-1406607600-1583401892",
        "samaccountname": "COMP_ECE24466$",
        "haslaps": false,
        "isaclprotected": false,
        "description": null,
        "whencreated": 1708935679,
        "enabled": true,
        "unconstraineddelegation": false,
        "trustedtoauth": false,
        "isdc": false,
        "lastlogon": 0,
        "lastlogontimestamp": -1,
        "pwdlastset": 1708964479,
        "serviceprincipalnames": [],
        "email": null,
        "operatingsystem": null,
        "sidhistory": []
      },
      "PrimaryGroupSID": "S-1-5-21-3702535222-3822678775-2090119576-515",
      "AllowedToDelegate": [],
      "AllowedToAct": [],
      "HasSIDHistory": [],
      "DumpSMSAPassword": [],
      "Sessions": {
        "Results": [],
        "Collected": false,
        "FailureReason": null
      },
      "PrivilegedSessions": {
        "Results": [],
        "Collected": false,
        "FailureReason": null
      },
      "RegistrySessions": {
        "Results": [],
        "Collected": false,
        "FailureReason": null
      },
      "LocalGroups": [],
      "UserRights": [],
      "DCRegistryData": {
        "CertificateMappingMethods": null,
        "StrongCertificateBindingEnforcement": null
      },
      "Status": {
        "Connectable": false,
        "Error": "PortNotOpen"
      },
      "IsDC": false,
      "DomainSID": "S-1-5-21-3702535222-3822678775-2090119576",
      "Aces": [
        {
          "PrincipalSID": "S-1-5-21-3371459185-1406607600-1583401892-512",
          "PrincipalType": "Group",
          "RightName": "Owns",
          "IsInherited": false
        },
        {
          "PrincipalSID": "DOMAIN4.LOCAL-S-1-5-32-548",
          "PrincipalType": "Group",
          "RightName": "GenericAll",
          "IsInherited": false
        },
        {
          "PrincipalSID": "S-1-5-21-3371459185-1406607600-1583401892-512",
          "PrincipalType": "Group",
          "RightName": "GenericAll",
          "IsInherited": false
        },
        {
          "PrincipalSID": "S-1-5-21-3371459185-1406607600-1583401892-526",
          "PrincipalType": "Group",
          "RightName": "AddKeyCredentialLink",
          "IsInherited": true
        },
        {
          "PrincipalSID": "S-1-5-21-3371459185-1406607600-1583401892-527",
          "PrincipalType": "Group",
          "RightName": "AddKeyCredentialLink",
          "IsInherited": true
        },
        {
          "PrincipalSID": "S-1-5-21-3371459185-1406607600-1583401892-519",
          "PrincipalType": "Group",
          "RightName": "GenericAll",
          "IsInherited": true
        },
        {
          "PrincipalSID": "DOMAIN4.LOCAL-S-1-5-32-544",
          "PrincipalType": "Group",
          "RightName": "WriteDacl",
          "IsInherited": true
        },
        {
          "PrincipalSID": "DOMAIN4.LOCAL-S-1-5-32-544",
          "PrincipalType": "Group",
          "RightName": "WriteOwner",
          "IsInherited": true
        },
        {
          "PrincipalSID": "DOMAIN4.LOCAL-S-1-5-32-544",
          "PrincipalType": "Group",
          "RightName": "GenericWrite",
          "IsInherited": true
        }
      ],
      "ObjectIdentifier": "S-1-5-21-3371459185-1406607600-1583401892-1186",
      "IsDeleted": false,
      "IsACLProtected": false,
      "ContainedBy": {
        "ObjectIdentifier": "533A64C4-84A3-423B-8B2B-4F5E20F16F3F",
        "ObjectType": "Container"
      }
    },
    {
      "Properties": {
        "domain": "DOMAIN4.LOCAL",
        "name": "COMP_4E953DEB.DOMAIN4.LOCAL",
        "distinguishedname": "CN=COMP_4E953DEB,CN=COMPUTERS,DC=DOMAIN4,DC=LOCAL",
        "domainsid": "S-1-5-21-3371459185-1406607600-1583401892",
        "samaccountname": "COMP_4E953DEB$",
        "haslaps": false,
        "isaclprotected": false,
        "description": null,
        "whencreated": 1685412547,
        "enabled": true,
        "unconstraineddelegation": false,
        "trustedtoauth": false,
        "isdc": false,
        "lastlogon": 1709216404,
        "lastlogontimestamp": 1709216386,
        "pwdlastset": 1707818193,
        "serviceprincipalnames": [
          "SVC_3147/HST_D8C9B7",
          "SVC_E2F3/HST_D8C9B7.DOMAIN4.LOCAL",
          "SVC_FF59/HST_D8C9B7",
          "SVC_80AE/HST_D8C9B7.DOMAIN4.LOCAL",
          "SVC_94B1/HST_D8C9B7",
          "SVC_98CB/HST_D8C9B7.DOMAIN4.LOCAL",
          "SVC_D05F/HST_D8C9B7",
          "SVC_F16B/HST_D8C9B7.DOMAIN4.LOCAL",
          "SVC_0ED0/HST_D8C9B7",
          "SVC_A89B/HST_D8C9B7.DOMAIN4.LOCAL",
          "SVC_1EC2/HST_D8C9B7",
          "SVC_B3E7/HST_D8C9B7.DOMAIN4.LOCAL",
          "SVC_DFBB/HST_D8C9B7",
          "SVC_7FF0/HST_D8C9B7.DOMAIN4.LOCAL",
          "SVC_D457/HST_D8C9B7",
          "SVC_A5F7/HST_D8C9B7.DOMAIN4.LOCAL",
          "SVC_712C/HST_D8C9B7",
          "SVC_72E9/HST_D8C9B7.DOMAIN4.LOCAL",
          "WSMAN/HST_D8C9B7",
          "WSMAN/HST_D8C9B7.DOMAIN4.LOCAL",
          "TERMSRV/HST_D8C9B7",
          "TERMSRV/HST_D8C9B7.DOMAIN4.LOCAL",
          "RestrictedKrbHost/HST_D8C9B7",
          "HOST/HST_D8C9B7",
          "RestrictedKrbHost/HST_D8C9B7.DOMAIN4.LOCAL",
          "HOST/HST_D8C9B7.DOMAIN4.LOCAL"
        ],
        "email": null,
        "operatingsystem": "Windows Server",
        "sidhistory": []
      },
      "PrimaryGroupSID": "S-1-5-21-3702535222-3822678775-2090119576-515",
      "AllowedToDelegate": [],
      "AllowedToAct": [],
      "HasSIDHistory": [],
      "DumpSMSAPassword": [],
      "Sessions": {
        "Results": [],
        "Collected": false,
        "FailureReason": null
      },
      "PrivilegedSessions": {
        "Results": [],
        "Collected": false,
        "FailureReason": null
      },
      "RegistrySessions": {
        "Results": [],
        "Collected": false,
        "FailureReason": null
      },
      "LocalGroups": [],
      "UserRights": [],
      "DCRegistryData": {
        "CertificateMappingMethods": null,
        "StrongCertificateBindingEnforcement": null
      },
      "Status": {
        "Connectable": false,
        "Error": "PortNotOpen"
      },
      "IsDC": false,
      "DomainSID": "S-1-5-21-3702535222-3822678775-2090119576",
      "Aces": [
        {
          "PrincipalSID": "S-1-5-21-3371459185-1406607600-1583401892-512",
          "PrincipalType": "Group",
          "RightName": "Owns",
          "IsInherited": false
        },
        {
          "PrincipalSID": "DOMAIN4.LOCAL-S-1-5-32-548",
          "PrincipalType": "Group",
          "RightName": "GenericAll",
          "IsInherited": false
        },
        {
          "PrincipalSID": "S-1-5-21-3371459185-1406607600-1583401892-512",
          "PrincipalType": "Group",
          "RightName": "GenericAll",
          "IsInherited": false
        },
        {
          "PrincipalSID": "S-1-5-21-3371459185-1406607600-1583401892-526",
          "PrincipalType": "Group",
          "RightName": "AddKeyCredentialLink",
          "IsInherited": true
        },
        {
          "PrincipalSID": "S-1-5-21-3371459185-1406607600-1583401892-527",
          "PrincipalType": "Group",
          "RightName": "AddKeyCredentialLink",
          "IsInherited": true
        },
        {
          "PrincipalSID": "S-1-5-21-3371459185-1406607600-1583401892-519",
          "PrincipalType": "Group",
          "RightName": "GenericAll",
          "IsInherited": true
        },
        {
          "PrincipalSID": "DOMAIN4.LOCAL-S-1-5-32-544",
          "PrincipalType": "Group",
          "RightName": "WriteDacl",
          "IsInherited": true
        },
        {
          "PrincipalSID": "DOMAIN4.LOCAL-S-1-5-32-544",
          "PrincipalType": "Group",
          "RightName": "WriteOwner",
          "IsInherited": true
        },
        {
          "PrincipalSID": "DOMAIN4.LOCAL-S-1-5-32-544",
          "PrincipalType": "Group",
          "RightName": "GenericWrite",
          "IsInherited": true
        }
      ],
      "ObjectIdentifier": "S-1-5-21-3371459185-1406607600-1583401892-1123",
      "IsDeleted": false,
      "IsACLProtected": false,
      "ContainedBy": {
        "ObjectIdentifier": "533A64C4-84A3-423B-8B2B-4F5E20F16F3F",
        "ObjectType": "Container"
      }
    }
  ],
  "meta": {
    "methods": 521215,
    "type": "computers",
    "count": 12,
    "version": 6
  }
}