{
  "data": [
    {
      "Properties": {
        "domain": "DOMAIN2.LOCAL",
        "name": "DEFAULT DOMAIN POLICY@DOMAIN2.LOCAL",
        "distinguishedname": "CN={008F16B5-9983-4E04-8560-B255C46B0EBF},CN=POLICIES,CN=SYSTEM,DC=DOMAIN2,DC=LOCAL",
        "domainsid": "S-1-5-21-675990846-1476227994-1483135188",
        "isaclprotected": true,
        "description": null,
        "whencreated": 1656555663,
        "gpcpath": "\\\\DOMAIN2.LOCAL\\SYSVOL\\DOMAIN2.LOCAL\\POLICIES\\{008F16B5-9983-4E04-8560-B255C46B0EBF}"
      },
      "Aces": [
        {
          "PrincipalSID": "S-1-5-21-675990846-1476227994-1483135188-512",
          "PrincipalType": "Group",
          "RightName": "Owns",
          "IsInherited": false
        },
        {
          "PrincipalSID": "S-1-5-21-3354139931-896117953-3418065721-519",
          "PrincipalType": "Group",
          "RightName": "WriteDacl",
          "IsInherited": false
        },
        {
          "PrincipalSID": "S-1-5-21-3354139931-896117953-3418065721-519",
          "PrincipalType": "Group",
          "RightName": "WriteOwner",
          "IsInherited": false
        },
        {
          "PrincipalSID": "S-1-5-21-3354139931-896117953-3418065721-519",
          "PrincipalType": "Group",
          "RightName": "GenericWrite",
          "IsInherited": false
        },
        {
          "PrincipalSID": "S-1-5-21-675990846-1476227994-1483135188-512",
          "PrincipalType": "Group",
          "RightName": "WriteDacl",
          "IsInherited": false
        },
        {
          "PrincipalSID": "S-1-5-21-675990846-1476227994-1483135188-512",
          "PrincipalType": "Group",
          "RightName": "WriteOwner",
          "IsInherited": false
        },
        {
          "PrincipalSID": "S-1-5-21-675990846-1476227994-1483135188-512",
          "PrincipalType": "Group",
          "RightName": "GenericWrite",
          "IsInherited": false
        }
      ],
      "ObjectIdentifier": "3FEE2439-64B4-4F26-9B75-DA7EB997C15B",
      "IsDeleted": false,
      "IsACLProtected": true,
      "ContainedBy": null
    },
    {
      "Properties": {
        "domain": "DOMAIN2.LOCAL",
        "name": "DEFAULT DOMAIN CONTROLLERS POLICY@DOMAIN2.LOCAL",
        "distinguishedname": "CN={7D9E4CB5-5A1C-4478-8F98-D972B248D38E},CN=POLICIES,CN=SYSTEM,DC=DOMAIN2,DC=LOCAL",
        "domainsid": "S-1-5-21-675990846-1476227994-1483135188",
        "isaclprotected": true,
        "description": null,
        "whencreated": 1656555663,
        "gpcpath": "\\\\DOMAIN2.LOCAL\\SYSVOL\\DOMAIN2.LOCAL\\POLICIES\\{7D9E4CB5-5A1C-4478-8F98-D972B248D38E}"
      },
      "Aces": [
        {
          "PrincipalSID": "S-1-5-21-675990846-1476227994-1483135188-512",
          "PrincipalType": "Group",
          "RightName": "Owns",
          "IsInherited": false
        },
        {
          "PrincipalSID": "S-1-5-21-3354139931-896117953-3418065721-519",
          "PrincipalType": "Group",
          "RightName": "WriteDacl",
          "IsInherited": false
        },
        {
          "PrincipalSID": "S-1-5-21-3354139931-896117953-3418065721-519",
          "PrincipalType": "Group",
          "RightName": "WriteOwner",
          "IsInherited": false
        },
        {
          "PrincipalSID": "S-1-5-21-3354139931-896117953-3418065721-519",
          "PrincipalType": "Group",
          "RightName": "GenericWrite",
          "IsInherited": false
        },
        {
          "PrincipalSID": "S-1-5-21-675990846-1476227994-1483135188-512",
          "PrincipalType": "Group",
          "RightName": "WriteDacl",
          "IsInherited": false
        },
        {
          "PrincipalSID": "S-1-5-21-675990846-1476227994-1483135188-512",
          "PrincipalType": "Group",
          "RightName": "WriteOwner",
          "IsInherited": false
        },
        {
          "PrincipalSID": "S-1-5-21-675990846-1476227994-1483135188-512",
          "PrincipalType": "Group",
          "RightName": "GenericWrite",
          "IsInherited": false
        }
      ],
      "ObjectIdentifier": "F612DF66-A9C3-44CC-BDAA-DE3B00560B6B",
      "IsDeleted": false,
      "IsACLProtected": true,
      "ContainedBy": null
    },
    {
      "Properties": {
        "domain": "DOMAIN2.LOCAL",
        "name": "GPO_861F4F69@DOMAIN2.LOCAL",
        "distinguishedname": "CN={8C65E059-8278-4AB8-AF73-73CC6574A680},CN=POLICIES,CN=SYSTEM,DC=DOMAIN2,DC=LOCAL",
        "domainsid": "S-1-5-21-675990846-1476227994-1483135188",
        "isaclprotected": true,
        "description": null,
        "whencreated": 1670460458,
        "gpcpath": "\\\\DOMAIN2.LOCAL\\SYSVOL\\DOMAIN2.LOCAL\\POLICIES\\{8C65E059-8278-4AB8-AF73-73CC6574A680}"
      },
      "Aces": [
        {
          "PrincipalSID": "S-1-5-21-675990846-1476227994-1483135188-512",
          "PrincipalType": "Group",
          "RightName": "Owns",
          "IsInherited": false
        },
        {
          "PrincipalSID": "S-1-5-21-3354139931-896117953-3418065721-519",
          "PrincipalType": "Group",
          "RightName": "WriteDacl",
          "IsInherited": false
        },
        {
          "PrincipalSID": "S-1-5-21-3354139931-896117953-3418065721-519",
          "PrincipalType": "Group",
          "RightName": "WriteOwner",
          "IsInherited": false
        },
        {
          "PrincipalSID": "S-1-5-21-3354139931-896117953-3418065721-519",
          "PrincipalType": "Group",
          "RightName": "GenericWrite",
          "IsInherited": false
        },
        {
          "PrincipalSID": "S-1-5-21-675990846-1476227994-1483135188-512",
          "PrincipalType": "Group",
          "RightName": "WriteDacl",
          "IsInherited": false
        },
        {
          "PrincipalSID": "S-1-5-21-675990846-1476227994-1483135188-512",
          "PrincipalType": "Group",
          "RightName": "WriteOwner",
          "IsInherited": false
        },
        {
          "PrincipalSID": "S-1-5-21-675990846-1476227994-1483135188-512",
          "PrincipalType": "Group",
          "RightName": "GenericWrite",
          "IsInherited": false
        }
      ],
      "ObjectIdentifier": "A51EA1D4-20A0-4107-9B6E-8FC481382605",
      "IsDeleted": false,
      "IsACLProtected": true,
      "ContainedBy": null
    }
  ],
  "meta": {
    "methods": 521215,
    "type": "gpos",
    "count": 3,
    "version": 6
  }
}