{
  "data": [
    {
      "GPOChanges": {
        "LocalAdmins": [],
        "RemoteDesktopUsers": [],
        "DcomUsers": [],
        "PSRemoteUsers": [],
        "AffectedComputers": []
      },
      "Properties": {
        "domain": "DOMAIN4.LOCAL",
        "name": "GROUPS@DOMAIN4.LOCAL",
        "distinguishedname": "OU=GROUPS,DC=DOMAIN4,DC=LOCAL",
        "domainsid": "S-1-5-21-3371459185-1406607600-1583401892",
        "isaclprotected": false,
        "description": null,
        "whencreated": 1683440684,
        "blocksinheritance": false
      },
      "Links": [],
      "ChildObjects": [],
      "Aces": [
        {
          "PrincipalSID": "S-1-5-21-3371459185-1406607600-1583401892-512",
          "PrincipalType": "Group",
          "RightName": "Owns",
          "IsInherited": false
        },
        {
          "PrincipalSID": "S-1-5-21-3371459185-1406607600-1583401892-512",
          "PrincipalType": "Group",
          "RightName": "GenericAll",
          "IsInherited": false
        },
        {
          "PrincipalSID": "S-1-5-21-3371459185-1406607600-1583401892-519",
          "PrincipalType": "Group",
          "RightName": "GenericAll",
          "IsInherited": true
        },
        {
          "PrincipalSID": "DOMAIN4.LOCAL-S-1-5-32-544",
          "PrincipalType": "Group",
          "RightName": "WriteDacl",
          "IsInherited": true
        },
        {
          "PrincipalSID": "DOMAIN4.LOCAL-S-1-5-32-544",
          "PrincipalType": "Group",
          "RightName": "WriteOwner",
          "IsInherited": true
        }
      ],
      "ObjectIdentifier": "DB21AFBB-396A-41BB-B23D-328A0D597048",
      "IsDeleted": false,
      "IsACLProtected": false,
      "ContainedBy": {
        "ObjectIdentifier": "S-1-5-21-3371459185-1406607600-1583401892",
        "ObjectType": "Domain"
      }
    },
    {
      "GPOChanges": {
        "LocalAdmins": [],
        "RemoteDesktopUsers": [],
        "DcomUsers": [],
        "PSRemoteUsers": [],
        "AffectedComputers": []
      },
      "Properties": {
        "domain": "DOMAIN4.LOCAL",
        "name": "OU_E97A2A@DOMAIN4.LOCAL",
        "distinguishedname": "OU=OU_E97A2A,DC=DOMAIN4,DC=LOCAL",
        "domainsid": "S-1-5-21-3371459185-1406607600-1583401892",
        "isaclprotected": false,
        "description": null,
        "whencreated": 1685414725,
        "blocksinheritance": false
      },
      "Links": [],
      "ChildObjects": [],
      "Aces": [
        {
          "PrincipalSID": "S-1-5-21-3371459185-1406607600-1583401892-512",
          "PrincipalType": "Group",
          "RightName": "Owns",
          "IsInherited": false
        },
        {
          "PrincipalSID": "S-1-5-21-3371459185-1406607600-1583401892-512",
          "PrincipalType": "Group",
          "RightName": "GenericAll",
          "IsInherited": false
        },
        {
          "PrincipalSID": "S-1-5-21-3371459185-1406607600-1583401892-1124",
          "PrincipalType": "Group",
          "RightName": "GenericAll",
          "IsInherited": false
        },
        {
          "PrincipalSID": "S-1-5-21-3371459185-1406607600-1583401892-519",
          "PrincipalType": "Group",
          "RightName": "GenericAll",
          "IsInherited": true
        },
        {
          "PrincipalSID": "DOMAIN4.LOCAL-S-1-5-32-544",
          "PrincipalType": "Group",
          "RightName": "WriteDacl",
          "IsInherited": true
        },
        {
          "PrincipalSID": "DOMAIN4.LOCAL-S-1-5-32-544",
          "PrincipalType": "Group",
          "RightName": "WriteOwner",
          "IsInherited": true
        }
      ],
      "ObjectIdentifier": "B1B48D85-53A9-4B4A-B6E0-62ACA950D25D",
      "IsDeleted": false,
      "IsACLProtected": false,
      "ContainedBy": {
        "ObjectIdentifier": "S-1-5-21-3371459185-1406607600-1583401892",
        "ObjectType": "Domain"
      }
    },
    {
      "GPOChanges": {
        "LocalAdmins": [],
        "RemoteDesktopUsers": [],
        "DcomUsers": [],
        "PSRemoteUsers": [],
        "AffectedComputers": []
      },
      "Properties": {
        "domain": "DOMAIN4.LOCAL",
        "name": "OU_4E4E30@DOMAIN4.LOCAL",
        "distinguishedname": "OU=OU_4E4E30,DC=DOMAIN4,DC=LOCAL",
        "domainsid": "S-1-5-21-3371459185-1406607600-1583401892",
        "isaclprotected": false,
        "description": null,
        "whencreated": 1694233010,
        "blocksinheritance": false
      },
      "Links": [],
      "ChildObjects": [],
      "Aces": [
        {
          "PrincipalSID": "S-1-5-21-3371459185-1406607600-1583401892-512",
          "PrincipalType": "Group",
          "RightName": "Owns",
          "IsInherited": false
        },
        {
          "PrincipalSID": "S-1-5-21-3371459185-1406607600-1583401892-512",
          "PrincipalType": "Group",
          "RightName": "GenericAll",
          "IsInherited": false
        },
        {
          "PrincipalSID": "S-1-5-21-3371459185-1406607600-1583401892-519",
          "PrincipalType": "Group",
          "RightName": "GenericAll",
          "IsInherited": true
        },
        {
          "PrincipalSID": "DOMAIN4.LOCAL-S-1-5-32-544",
          "PrincipalType": "Group",
          "RightName": "WriteDacl",
          "IsInherited": true
        },
        {
          "PrincipalSID": "DOMAIN4.LOCAL-S-1-5-32-544",
          "PrincipalType": "Group",
          "RightName": "WriteOwner",
          "IsInherited": true
        }
      ],
      "ObjectIdentifier": "015FCF4C-A7D0-4978-BEC9-221C9B98B7AC",
      "IsDeleted": false,
      "IsACLProtected": false,
      "ContainedBy": {
        "ObjectIdentifier": "S-1-5-21-3371459185-1406607600-1583401892",
        "ObjectType": "Domain"
      }
    },
    {
      "GPOChanges": {
        "LocalAdmins": [],
        "RemoteDesktopUsers": [],
        "DcomUsers": [],
        "PSRemoteUsers": [],
        "AffectedComputers": []
      },
      "Properties": {
        "domain": "DOMAIN4.LOCAL",
        "name": "OU_67E7E7@DOMAIN4.LOCAL",
        "distinguishedname": "OU=OU_67E7E7,CN=CN_7AEAA2,OU=OU_4E4E30,DC=DOMAIN4,DC=LOCAL",
        "domainsid": "S-1-5-21-3371459185-1406607600-1583401892",
        "isaclprotected": false,
        "description": null,
        "whencreated": 1694233262,
        "blocksinheritance": false
      },
      "Links": [],
      "ChildObjects": [],
      "Aces": [
        {
          "PrincipalSID": "S-1-5-21-3371459185-1406607600-1583401892-512",
          "PrincipalType": "Group",
          "RightName": "Owns",
          "IsInherited": false
        },
        {
          "PrincipalSID": "S-1-5-21-3371459185-1406607600-1583401892-512",
          "PrincipalType": "Group",
          "RightName": "GenericAll",
          "IsInherited": false
        }
      ],
      "ObjectIdentifier": "65B4ED98-5AC4-4763-BF84-494030DD28C8",
      "IsDeleted": false,
      "IsACLProtected": false,
      "ContainedBy": {
        "ObjectIdentifier": "S-1-5-21-3371459185-1406607600-1583401892-1113",
        "ObjectType": "User"
      }
    },
    {
      "GPOChanges": {
        "LocalAdmins": [],
        "RemoteDesktopUsers": [],
        "DcomUsers": [],
        "PSRemoteUsers": [],
        "AffectedComputers": [
          {
            "ObjectIdentifier": "S-1-5-21-3371459185-1406607600-1583401892-1114",
            "ObjectType": "Computer"
          },
          {
            "ObjectIdentifier": "S-1-5-21-3371459185-1406607600-1583401892-1117",
            "ObjectType": "Computer"
          }
        ]
      },
      "Properties": {
        "domain": "DOMAIN4.LOCAL",
        "name": "OU_A86364@DOMAIN4.LOCAL",
        "distinguishedname": "OU=OU_A86364,DC=DOMAIN4,DC=LOCAL",
        "domainsid": "S-1-5-21-3371459185-1406607600-1583401892",
        "isaclprotected": false,
        "description": null,
        "whencreated": 1683440517,
        "blocksinheritance": false
      },
      "Links": [
        {
          "IsEnforced": false,
          "GUID": "9FF702A3-BB7E-44FC-9459-A26495C777AE"
        }
      ],
      "ChildObjects": [],
      "Aces": [
        {
          "PrincipalSID": "S-1-5-21-3371459185-1406607600-1583401892-512",
          "PrincipalType": "Group",
          "RightName": "Owns",
          "IsInherited": false
        },
        {
          "PrincipalSID": "S-1-5-21-3371459185-1406607600-1583401892-512",
          "PrincipalType": "Group",
          "RightName": "GenericAll",
          "IsInherited": false
        },
        {
          "PrincipalSID": "S-1-5-21-3371459185-1406607600-1583401892-519",
          "PrincipalType": "Group",
          "RightName": "GenericAll",
          "IsInherited": true
        },
        {
          "PrincipalSID": "DOMAIN4.LOCAL-S-1-5-32-544",
          "PrincipalType": "Group",
          "RightName": "WriteDacl",
          "IsInherited": true
        },
        {
          "PrincipalSID": "DOMAIN4.LOCAL-S-1-5-32-544",
          "PrincipalType": "Group",
          "RightName": "WriteOwner",
          "IsInherited": true
        }
      ],
      "ObjectIdentifier": "B689DF70-E485-489F-9165-88F85E0CFA08",
      "IsDeleted": false,
      "IsACLProtected": false,
      "ContainedBy": {
        "ObjectIdentifier": "S-1-5-21-3371459185-1406607600-1583401892",
        "ObjectType": "Domain"
      }
    },
    {
      "GPOChanges": {
        "LocalAdmins": [],
        "RemoteDesktopUsers": [],
        "DcomUsers": [],
        "PSRemoteUsers": [],
        "AffectedComputers": [
          {
            "ObjectIdentifier": "S-1-5-21-3371459185-1406607600-1583401892-1112",
            "ObjectType": "Computer"
          },
          {
            "ObjectIdentifier": "S-1-5-21-3371459185-1406607600-1583401892-1000",
            "ObjectType": "Computer"
          }
        ]
      },
      "Properties": {
        "domain": "DOMAIN4.LOCAL",
        "name": "DOMAIN CONTROLLERS@DOMAIN4.LOCAL",
        "distinguishedname": "OU=DOMAIN CONTROLLERS,DC=DOMAIN4,DC=LOCAL",
        "domainsid": "S-1-5-21-3371459185-1406607600-1583401892",
        "isaclprotected": false,
        "description": "Default container for domain controllers",
        "whencreated": 1668394808,
        "blocksinheritance": false
      },
      "Links": [
        {
          "IsEnforced": false,
          "GUID": "5D6313D0-62DD-4DFA-8D30-B73AA8355669"
        },
        {
          "IsEnforced": false,
          "GUID": "886E0DB2-7C3B-4751-BBDE-E604921EA74F"
        },
        {
          "IsEnforced": false,
          "GUID": "81D424FB-EBFD-4E7B-88B2-6B408F5E8169"
        }
      ],
      "ChildObjects": [],
      "Aces": [
        {
          "PrincipalSID": "S-1-5-21-3371459185-1406607600-1583401892-512",
          "PrincipalType": "Group",
          "RightName": "Owns",
          "IsInherited": false
        },
        {
          "PrincipalSID": "S-1-5-21-3371459185-1406607600-1583401892-512",
          "PrincipalType": "Group",
          "RightName": "WriteDacl",
          "IsInherited": false
        },
        {
          "PrincipalSID": "S-1-5-21-3371459185-1406607600-1583401892-512",
          "PrincipalType": "Group",
          "RightName": "WriteOwner",
          "IsInherited": false
        },
        {
          "PrincipalSID": "S-1-5-21-3371459185-1406607600-1583401892-519",
          "PrincipalType": "Group",
          "RightName": "GenericAll",
          "IsInherited": true
        },
        {
          "PrincipalSID": "DOMAIN4.LOCAL-S-1-5-32-544",
          "PrincipalType": "Group",
          "RightName": "WriteDacl",
          "IsInherited": true
        },
        {
          "PrincipalSID": "DOMAIN4.LOCAL-S-1-5-32-544",
          "PrincipalType": "Group",
          "RightName": "WriteOwner",
          "IsInherited": true
        }
      ],
      "ObjectIdentifier": "937D95A4-85E5-48A3-8BFC-3B5E4930224F",
      "IsDeleted": false,
      "IsACLProtected": false,
      "ContainedBy": {
        "ObjectIdentifier": "S-1-5-21-3371459185-1406607600-1583401892",
        "ObjectType": "Domain"
      }
    }
  ],
  "meta": {
    "methods": 521215,
    "type": "ous",
    "count": 6,
    "version": 6
  }
}