{
  "data": [
    {
      "GPOChanges": {
        "LocalAdmins": [],
        "RemoteDesktopUsers": [],
        "DcomUsers": [],
        "PSRemoteUsers": [],
        "AffectedComputers": []
      },
      "Properties": {
        "domain": "DOMAIN2.LOCAL",
        "name": "DOMAIN2.LOCAL",
        "distinguishedname": "DC=DOMAIN2,DC=LOCAL",
        "domainsid": "S-1-5-21-675990846-1476227994-1483135188",
        "isaclprotected": false,
        "description": null,
        "whencreated": 1656555663,
        "functionallevel": "2016",
        "collected": true
      },
      "ChildObjects": [],
      "Trusts": [
        {
          "TargetDomainSid": "S-1-5-21-3354139931-896117953-3418065721",
          "TargetDomainName": "DOMAIN1.LOCAL",
          "IsTransitive": true,
          "SidFilteringEnabled": false,
          "TrustDirection": "Bidirectional",
          "TrustType": "ParentChild"
        }
      ],
      "Links": [
        {
          "IsEnforced": false,
          "GUID": "A51EA1D4-20A0-4107-9B6E-8FC481382605"
        },
        {
          "IsEnforced": false,
          "GUID": "3FEE2439-64B4-4F26-9B75-DA7EB997C15B"
        }
      ],
      "Aces": [
        {
          "PrincipalSID": "DOMAIN2.LOCAL-S-1-5-32-544",
          "PrincipalType": "Group",
          "RightName": "Owns",
          "IsInherited": false
        },
        {
          "PrincipalSID": "DOMAIN2.LOCAL-S-1-5-32-544",
          "PrincipalType": "Group",
          "RightName": "WriteDacl",
          "IsInherited": false
        },
        {
          "PrincipalSID": "DOMAIN2.LOCAL-S-1-5-32-544",
          "PrincipalType": "Group",
          "RightName": "WriteOwner",
          "IsInherited": false
        },
        {
          "PrincipalSID": "DOMAIN2.LOCAL-S-1-5-32-544",
          "PrincipalType": "Group",
          "RightName": "AllExtendedRights",
          "IsInherited": false
        },
        {
          "PrincipalSID": "S-1-5-21-3354139931-896117953-3418065721-519",
          "PrincipalType": "Group",
          "RightName": "GenericAll",
          "IsInherited": false
        },
        {
          "PrincipalSID": "S-1-5-21-675990846-1476227994-1483135188-512",
          "PrincipalType": "Group",
          "RightName": "WriteDacl",
          "IsInherited": false
        },
        {
          "PrincipalSID": "S-1-5-21-675990846-1476227994-1483135188-512",
          "PrincipalType": "Group",
          "RightName": "WriteOwner",
          "IsInherited": false
        },
        {
          "PrincipalSID": "S-1-5-21-675990846-1476227994-1483135188-512",
          "PrincipalType": "Group",
          "RightName": "AllExtendedRights",
          "IsInherited": false
        },
        {
          "PrincipalSID": "DOMAIN1.LOCAL-S-1-5-9",
          "PrincipalType": "Group",
          "RightName": "GetChanges",
          "IsInherited": false
        },
        {
          "PrincipalSID": "DOMAIN1.LOCAL-S-1-5-9",
          "PrincipalType": "Group",
          "RightName": "GetChangesInFilteredSet",
          "IsInherited": false
        },
        {
          "PrincipalSID": "DOMAIN2.LOCAL-S-1-5-32-544",
          "PrincipalType": "Group",
          "RightName": "GetChangesAll",
          "IsInherited": false
        },
        {
          "PrincipalSID": "DOMAIN2.LOCAL-S-1-5-32-544",
          "PrincipalType": "Group",
          "RightName": "GetChanges",
          "IsInherited": false
        },
        {
          "PrincipalSID": "DOMAIN2.LOCAL-S-1-5-32-544",
          "PrincipalType": "Group",
          "RightName": "GetChangesInFilteredSet",
          "IsInherited": false
        },
        {
          "PrincipalSID": "S-1-5-21-3354139931-896117953-3418065721-498",
          "PrincipalType": "Group",
          "RightName": "GetChanges",
          "IsInherited": false
        },
        {
          "PrincipalSID": "S-1-5-21-675990846-1476227994-1483135188-516",
          "PrincipalType": "Group",
          "RightName": "GetChangesAll",
          "IsInherited": false
        }
      ],
      "ObjectIdentifier": "S-1-5-21-675990846-1476227994-1483135188",
      "IsDeleted": false,
      "IsACLProtected": false,
      "ContainedBy": null
    }
  ],
  "meta": {
    "methods": 521215,
    "type": "domains",
    "count": 1,
    "version": 6
  }
}