{
  "data": [
    {
      "Properties": {
        "domain": "DOMAIN1.LOCAL",
        "name": "DOMAIN1-DC01-CA@DOMAIN1.LOCAL",
        "distinguishedname": "CN=DOMAIN1-DC01-CA,CN=ENROLLMENT SERVICES,CN=PUBLIC KEY SERVICES,CN=SERVICES,CN=CONFIGURATION,DC=DOMAIN1,DC=LOCAL",
        "domainsid": "S-1-5-21-3354139931-896117953-3418065721",
        "isaclprotected": false,
        "description": null,
        "whencreated": 1683986131,
        "flags": "SUPPORTS_NT_AUTHENTICATION, CA_SERVERTYPE_ADVANCED",
        "caname": "domain1-dc01-ca",
        "dnshostname": "hst_ce0614.domain1.local",
        "certthumbprint": "4205DC26D84B3052DE656D8022C3FD7F91BD3272",
        "certname": "4205DC26D84B3052DE656D8022C3FD7F91BD3272",
        "certchain": [
          "4205DC26D84B3052DE656D8022C3FD7F91BD3272"
        ],
        "hasbasicconstraints": false,
        "basicconstraintpathlength": 0,
        "casecuritycollected": true,
        "enrollmentagentrestrictionscollected": true,
        "isuserspecifiessanenabledcollected": true
      },
      "HostingComputer": "S-1-5-21-3354139931-896117953-3418065721-1000",
      "CARegistryData": {
        "CASecurity": {
          "Data": [
            {
              "PrincipalSID": "DOMAIN1.LOCAL-S-1-5-32-544",
              "PrincipalType": "Group",
              "RightName": "Owns",
              "IsInherited": false
            },
            {
              "PrincipalSID": "DOMAIN1.LOCAL-S-1-5-11",
              "PrincipalType": "Group",
              "RightName": "Enroll",
              "IsInherited": false
            },
            {
              "PrincipalSID": "DOMAIN1.LOCAL-S-1-5-32-544",
              "PrincipalType": "Group",
              "RightName": "ManageCA",
              "IsInherited": false
            },
            {
              "PrincipalSID": "DOMAIN1.LOCAL-S-1-5-32-544",
              "PrincipalType": "Group",
              "RightName": "ManageCertificates",
              "IsInherited": false
            },
            {
              "PrincipalSID": "S-1-5-21-3354139931-896117953-3418065721-512",
              "PrincipalType": "Group",
              "RightName": "ManageCA",
              "IsInherited": false
            },
            {
              "PrincipalSID": "S-1-5-21-3354139931-896117953-3418065721-512",
              "PrincipalType": "Group",
              "RightName": "ManageCertificates",
              "IsInherited": false
            },
            {
              "PrincipalSID": "S-1-5-21-3354139931-896117953-3418065721-519",
              "PrincipalType": "Group",
              "RightName": "ManageCA",
              "IsInherited": false
            },
            {
              "PrincipalSID": "S-1-5-21-3354139931-896117953-3418065721-519",
              "PrincipalType": "Group",
              "RightName": "ManageCertificates",
              "IsInherited": false
            }
          ],
          "Collected": true,
          "FailureReason": null
        },
        "EnrollmentAgentRestrictions": {
          "Restrictions": [],
          "Collected": true,
          "FailureReason": null
        },
        "IsUserSpecifiesSanEnabled": {
          "Value": true,
          "Collected": true,
          "FailureReason": null
        }
      },
      "EnabledCertTemplates": [
        {
          "ObjectIdentifier": "B5A26B11-52C1-43BD-9152-86F83ADC01D7",
          "ObjectType": "CertTemplate"
        },
        {
          "ObjectIdentifier": "C3D87F5E-5D5F-4881-AB80-DE977061B4B8",
          "ObjectType": "CertTemplate"
        },
        {
          "ObjectIdentifier": "30380533-6F84-4D1B-A27A-C7C91B896A4A",
          "ObjectType": "CertTemplate"
        },
        {
          "ObjectIdentifier": "A71E1B74-16C1-4FF5-ABB1-887BFDD58F9E",
          "ObjectType": "CertTemplate"
        },
        {
          "ObjectIdentifier": "D694CC52-AC06-4E68-99AE-2E7DE8A46797",
          "ObjectType": "CertTemplate"
        },
        {
          "ObjectIdentifier": "B6736E5B-CE0A-48D4-BFF9-7F8B3556E76F",
          "ObjectType": "CertTemplate"
        },
        {
          "ObjectIdentifier": "0067C9D2-D3AC-4C6F-8879-DE25C2BAF9C7",
          "ObjectType": "CertTemplate"
        },
        {
          "ObjectIdentifier": "B0945DC6-F130-41CE-A0B9-ABA6225EBBE1",
          "ObjectType": "CertTemplate"
        },
        {
          "ObjectIdentifier": "302F7BCD-7A9E-4896-B350-D55BC7CA5E5E",
          "ObjectType": "CertTemplate"
        },
        {
          "ObjectIdentifier": "11422A12-76B3-4F78-AB46-47F313AE8DA7",
          "ObjectType": "CertTemplate"
        },
        {
          "ObjectIdentifier": "EA8545B8-60F5-4C2A-893D-B60A8AC94BAA",
          "ObjectType": "CertTemplate"
        },
        {
          "ObjectIdentifier": "471471AE-9721-43FD-A889-35F42A6CA32E",
          "ObjectType": "CertTemplate"
        },
        {
          "ObjectIdentifier": "546A6981-E3F5-4BD8-98F7-C0C1854D1C22",
          "ObjectType": "CertTemplate"
        },
        {
          "ObjectIdentifier": "52B28E98-0091-4306-9A18-1F09E927404C",
          "ObjectType": "CertTemplate"
        },
        {
          "ObjectIdentifier": "7ACC251E-F3B2-4723-8313-C63617E7B591",
          "ObjectType": "CertTemplate"
        },
        {
          "ObjectIdentifier": "7661CEB3-1144-459F-A648-A6466F6C92DD",
          "ObjectType": "CertTemplate"
        },
        {
          "ObjectIdentifier": "F84E4848-F8F0-4FD7-8097-32FA9517B430",
          "ObjectType": "CertTemplate"
        },
        {
          "ObjectIdentifier": "83E8A053-7F50-4F7D-9D60-0D40D07822C7",
          "ObjectType": "CertTemplate"
        },
        {
          "ObjectIdentifier": "29407743-4A94-4FF0-8B8B-1309F5F6B97C",
          "ObjectType": "CertTemplate"
        },
        {
          "ObjectIdentifier": "6F43EA56-6880-42C4-BD2A-2D420EFF25CD",
          "ObjectType": "CertTemplate"
        },
        {
          "ObjectIdentifier": "3B4E7825-7EF0-445C-A314-F1DB008F3D8E",
          "ObjectType": "CertTemplate"
        },
        {
          "ObjectIdentifier": "A37A273A-A417-436A-8EC0-EAEC5C5777C9",
          "ObjectType": "CertTemplate"
        },
        {
          "ObjectIdentifier": "3221F4B5-96FD-4D9A-8DE5-D58E39D0F9B7",
          "ObjectType": "CertTemplate"
        },
        {
          "ObjectIdentifier": "E6A666B6-1AAD-4C45-BA7A-573F69763E14",
          "ObjectType": "CertTemplate"
        },
        {
          "ObjectIdentifier": "21D4DFFE-FF6B-4D07-AC58-B7AB74D42EE9",
          "ObjectType": "CertTemplate"
        },
        {
          "ObjectIdentifier": "FBB73514-6663-48DB-BD59-A80C1CDD0B82",
          "ObjectType": "CertTemplate"
        },
        {
          "ObjectIdentifier": "ECC89B3A-7710-48C0-A7CF-18BAE560C496",
          "ObjectType": "CertTemplate"
        },
        {
          "ObjectIdentifier": "FFB30D06-AE1A-4018-95B3-AC21C8F619EE",
          "ObjectType": "CertTemplate"
        },
        {
          "ObjectIdentifier": "70E53BB6-B184-4BE1-A44A-048FA9A7EA2D",
          "ObjectType": "CertTemplate"
        },
        {
          "ObjectIdentifier": "D666D882-4CD7-471F-9881-3C48D8E18177",
          "ObjectType": "CertTemplate"
        },
        {
          "ObjectIdentifier": "4ED25DD2-4CAB-4C66-AAC5-2AF9217417EC",
          "ObjectType": "CertTemplate"
        },
        {
          "ObjectIdentifier": "FD302A0E-CA4C-4F53-AA0A-517A4E5A3D2A",
          "ObjectType": "CertTemplate"
        },
        {
          "ObjectIdentifier": "AC1578C0-4127-4D65-AA84-8EB4D6AD5672",
          "ObjectType": "CertTemplate"
        },
        {
          "ObjectIdentifier": "32B398D8-22B2-4611-A8E8-5DBFE65A8C4A",
          "ObjectType": "CertTemplate"
        },
        {
          "ObjectIdentifier": "438A44D5-F4CE-416E-B8F3-E4B007D66DAB",
          "ObjectType": "CertTemplate"
        },
        {
          "ObjectIdentifier": "973DAD64-665F-43BA-BC75-B7D182C1838D",
          "ObjectType": "CertTemplate"
        },
        {
          "ObjectIdentifier": "74BB4AA5-667D-4C63-9E95-7E1FB94CDC11",
          "ObjectType": "CertTemplate"
        },
        {
          "ObjectIdentifier": "7032E3C0-AEAF-4E97-8099-FAF842BE39B4",
          "ObjectType": "CertTemplate"
        },
        {
          "ObjectIdentifier": "9CE03396-CE61-4D95-9137-27F5E7C78BA3",
          "ObjectType": "CertTemplate"
        },
        {
          "ObjectIdentifier": "B34E6425-F67E-429E-8CBD-9BAA80F6CC69",
          "ObjectType": "CertTemplate"
        },
        {
          "ObjectIdentifier": "15BB7657-137D-49F2-A925-444540B336BB",
          "ObjectType": "CertTemplate"
        }
      ],
      "Aces": [
        {
          "PrincipalSID": "S-1-5-21-3354139931-896117953-3418065721-519",
          "PrincipalType": "Group",
          "RightName": "Owns",
          "IsInherited": false
        },
        {
          "PrincipalSID": "S-1-5-21-3354139931-896117953-3418065721-519",
          "PrincipalType": "Group",
          "RightName": "WriteDacl",
          "IsInherited": false
        },
        {
          "PrincipalSID": "S-1-5-21-3354139931-896117953-3418065721-519",
          "PrincipalType": "Group",
          "RightName": "WriteOwner",
          "IsInherited": false
        },
        {
          "PrincipalSID": "S-1-5-21-3354139931-896117953-3418065721-519",
          "PrincipalType": "Group",
          "RightName": "ManageCA",
          "IsInherited": false
        },
        {
          "PrincipalSID": "S-1-5-21-3354139931-896117953-3418065721-519",
          "PrincipalType": "Group",
          "RightName": "ManageCertificates",
          "IsInherited": false
        },
        {
          "PrincipalSID": "S-1-5-21-3354139931-896117953-3418065721-1000",
          "PrincipalType": "Computer",
          "RightName": "WriteDacl",
          "IsInherited": false
        },
        {
          "PrincipalSID": "S-1-5-21-3354139931-896117953-3418065721-1000",
          "PrincipalType": "Computer",
          "RightName": "WriteOwner",
          "IsInherited": false
        },
        {
          "PrincipalSID": "S-1-5-21-3354139931-896117953-3418065721-1000",
          "PrincipalType": "Computer",
          "RightName": "ManageCA",
          "IsInherited": false
        },
        {
          "PrincipalSID": "S-1-5-21-3354139931-896117953-3418065721-1000",
          "PrincipalType": "Computer",
          "RightName": "ManageCertificates",
          "IsInherited": false
        },
        {
          "PrincipalSID": "DOMAIN1.LOCAL-S-1-5-11",
          "PrincipalType": "Group",
          "RightName": "Enroll",
          "IsInherited": false
        },
        {
          "PrincipalSID": "S-1-5-21-3354139931-896117953-3418065721-519",
          "PrincipalType": "Group",
          "RightName": "GenericAll",
          "IsInherited": true
        },
        {
          "PrincipalSID": "S-1-5-21-3354139931-896117953-3418065721-512",
          "PrincipalType": "Group",
          "RightName": "WriteDacl",
          "IsInherited": true
        },
        {
          "PrincipalSID": "S-1-5-21-3354139931-896117953-3418065721-512",
          "PrincipalType": "Group",
          "RightName": "WriteOwner",
          "IsInherited": true
        },
        {
          "PrincipalSID": "S-1-5-21-3354139931-896117953-3418065721-512",
          "PrincipalType": "Group",
          "RightName": "ManageCA",
          "IsInherited": true
        }
      ],
      "ObjectIdentifier": "7AE3EBC0-BC4C-4396-8958-5363AD3D1A74",
      "IsDeleted": false,
      "IsACLProtected": false,
      "ContainedBy": {
        "ObjectIdentifier": "D0382A18-2386-443B-8C7C-EE3B005E61AD",
        "ObjectType": "Container"
      }
    },
    {
      "Properties": {
        "domain": "DOMAIN1.LOCAL",
        "name": "DOMAIN1-SRV-SHARPHOUND-CA@DOMAIN1.LOCAL",
        "distinguishedname": "CN=DOMAIN1-SRV-SHARPHOUND-CA,CN=ENROLLMENT SERVICES,CN=PUBLIC KEY SERVICES,CN=SERVICES,CN=CONFIGURATION,DC=DOMAIN1,DC=LOCAL",
        "domainsid": "S-1-5-21-3354139931-896117953-3418065721",
        "isaclprotected": false,
        "description": null,
        "whencreated": 1697688230,
        "flags": "SUPPORTS_NT_AUTHENTICATION, CA_SERVERTYPE_ADVANCED",
        "caname": "domain1-srv-sharphound-ca",
        "dnshostname": "srv-sharphound.domain1.local",
        "certthumbprint": "21309821617E6061BB81A518323DFAF37B907066",
        "certname": "21309821617E6061BB81A518323DFAF37B907066",
        "certchain": [
          "21309821617E6061BB81A518323DFAF37B907066",
          "4205DC26D84B3052DE656D8022C3FD7F91BD3272"
        ],
        "hasbasicconstraints": false,
        "basicconstraintpathlength": 0,
        "casecuritycollected": false,
        "enrollmentagentrestrictionscollected": false,
        "isuserspecifiessanenabledcollected": false
      },
      "HostingComputer": "S-1-5-21-3354139931-896117953-3418065721-2167",
      "CARegistryData": {
        "CASecurity": {
          "Data": [],
          "Collected": false,
          "FailureReason": "Target machine was not found or not connectable"
        },
        "EnrollmentAgentRestrictions": {
          "Restrictions": [],
          "Collected": false,
          "FailureReason": "Target machine was not found or not connectable"
        },
        "IsUserSpecifiesSanEnabled": {
          "Value": false,
          "Collected": false,
          "FailureReason": "Target machine was not found or not connectable"
        }
      },
      "EnabledCertTemplates": [
        {
          "ObjectIdentifier": "3221F4B5-96FD-4D9A-8DE5-D58E39D0F9B7",
          "ObjectType": "CertTemplate"
        },
        {
          "ObjectIdentifier": "A37A273A-A417-436A-8EC0-EAEC5C5777C9",
          "ObjectType": "CertTemplate"
        },
        {
          "ObjectIdentifier": "4ED25DD2-4CAB-4C66-AAC5-2AF9217417EC",
          "ObjectType": "CertTemplate"
        },
        {
          "ObjectIdentifier": "FD302A0E-CA4C-4F53-AA0A-517A4E5A3D2A",
          "ObjectType": "CertTemplate"
        },
        {
          "ObjectIdentifier": "AC1578C0-4127-4D65-AA84-8EB4D6AD5672",
          "ObjectType": "CertTemplate"
        },
        {
          "ObjectIdentifier": "32B398D8-22B2-4611-A8E8-5DBFE65A8C4A",
          "ObjectType": "CertTemplate"
        },
        {
          "ObjectIdentifier": "438A44D5-F4CE-416E-B8F3-E4B007D66DAB",
          "ObjectType": "CertTemplate"
        },
        {
          "ObjectIdentifier": "973DAD64-665F-43BA-BC75-B7D182C1838D",
          "ObjectType": "CertTemplate"
        },
        {
          "ObjectIdentifier": "74BB4AA5-667D-4C63-9E95-7E1FB94CDC11",
          "ObjectType": "CertTemplate"
        },
        {
          "ObjectIdentifier": "7032E3C0-AEAF-4E97-8099-FAF842BE39B4",
          "ObjectType": "CertTemplate"
        },
        {
          "ObjectIdentifier": "9CE03396-CE61-4D95-9137-27F5E7C78BA3",
          "ObjectType": "CertTemplate"
        },
        {
          "ObjectIdentifier": "B34E6425-F67E-429E-8CBD-9BAA80F6CC69",
          "ObjectType": "CertTemplate"
        },
        {
          "ObjectIdentifier": "15BB7657-137D-49F2-A925-444540B336BB",
          "ObjectType": "CertTemplate"
        }
      ],
      "Aces": [
        {
          "PrincipalSID": "S-1-5-21-3354139931-896117953-3418065721-519",
          "PrincipalType": "Group",
          "RightName": "Owns",
          "IsInherited": false
        },
        {
          "PrincipalSID": "S-1-5-21-3354139931-896117953-3418065721-519",
          "PrincipalType": "Group",
          "RightName": "WriteDacl",
          "IsInherited": false
        },
        {
          "PrincipalSID": "S-1-5-21-3354139931-896117953-3418065721-519",
          "PrincipalType": "Group",
          "RightName": "WriteOwner",
          "IsInherited": false
        },
        {
          "PrincipalSID": "S-1-5-21-3354139931-896117953-3418065721-519",
          "PrincipalType": "Group",
          "RightName": "ManageCA",
          "IsInherited": false
        },
        {
          "PrincipalSID": "S-1-5-21-3354139931-896117953-3418065721-519",
          "PrincipalType": "Group",
          "RightName": "ManageCertificates",
          "IsInherited": false
        },
        {
          "PrincipalSID": "S-1-5-21-3354139931-896117953-3418065721-2167",
          "PrincipalType": "Computer",
          "RightName": "WriteDacl",
          "IsInherited": false
        },
        {
          "PrincipalSID": "S-1-5-21-3354139931-896117953-3418065721-2167",
          "PrincipalType": "Computer",
          "RightName": "WriteOwner",
          "IsInherited": false
        },
        {
          "PrincipalSID": "S-1-5-21-3354139931-896117953-3418065721-2167",
          "PrincipalType": "Computer",
          "RightName": "ManageCA",
          "IsInherited": false
        },
        {
          "PrincipalSID": "S-1-5-21-3354139931-896117953-3418065721-2167",
          "PrincipalType": "Computer",
          "RightName": "ManageCertificates",
          "IsInherited": false
        },
        {
          "PrincipalSID": "DOMAIN1.LOCAL-S-1-5-11",
          "PrincipalType": "Group",
          "RightName": "Enroll",
          "IsInherited": false
        },
        {
          "PrincipalSID": "S-1-5-21-3354139931-896117953-3418065721-519",
          "PrincipalType": "Group",
          "RightName": "GenericAll",
          "IsInherited": true
        },
        {
          "PrincipalSID": "S-1-5-21-3354139931-896117953-3418065721-512",
          "PrincipalType": "Group",
          "RightName": "WriteDacl",
          "IsInherited": true
        },
        {
          "PrincipalSID": "S-1-5-21-3354139931-896117953-3418065721-512",
          "PrincipalType": "Group",
          "RightName": "WriteOwner",
          "IsInherited": true
        },
        {
          "PrincipalSID": "S-1-5-21-3354139931-896117953-3418065721-512",
          "PrincipalType": "Group",
          "RightName": "ManageCA",
          "IsInherited": true
        }
      ],
      "ObjectIdentifier": "044962A9-B285-42D2-853B-0A5FA78451F7",
      "IsDeleted": false,
      "IsACLProtected": false,
      "ContainedBy": {
        "ObjectIdentifier": "D0382A18-2386-443B-8C7C-EE3B005E61AD",
        "ObjectType": "Container"
      }
    }
  ],
  "meta": {
    "methods": 521215,
    "type": "enterprisecas",
    "count": 2,
    "version": 6
  }
}