{
  "data": [
    {
      "Properties": {
        "domain": "DOMAIN4.LOCAL",
        "name": "NTAUTHCERTIFICATES@DOMAIN4.LOCAL",
        "distinguishedname": "CN=NTAUTHCERTIFICATES,CN=PUBLIC KEY SERVICES,CN=SERVICES,CN=CONFIGURATION,DC=DOMAIN4,DC=LOCAL",
        "domainsid": "S-1-5-21-3371459185-1406607600-1583401892",
        "isaclprotected": false,
        "certthumbprints": [
          "CE0A4547DCD22F5AB81B7870C49A509D4E85B66B",
          "C2F20D4BB3B82BE6A20BCBF681743673B0F96CDA"
        ],
        "description": null,
        "whencreated": 1683819999
      },
      "DomainSID": "S-1-5-21-3371459185-1406607600-1583401892",
      "Aces": [
        {
          "PrincipalSID": "S-1-5-21-3371459185-1406607600-1583401892-519",
          "PrincipalType": "Group",
          "RightName": "Owns",
          "IsInherited": false
        },
        {
          "PrincipalSID": "DOMAIN4.LOCAL-S-1-5-32-544",
          "PrincipalType": "Group",
          "RightName": "GenericAll",
          "IsInherited": false
        },
        {
          "PrincipalSID": "S-1-5-21-3371459185-1406607600-1583401892-512",
          "PrincipalType": "Group",
          "RightName": "GenericAll",
          "IsInherited": false
        },
        {
          "PrincipalSID": "S-1-5-21-3371459185-1406607600-1583401892-519",
          "PrincipalType": "Group",
          "RightName": "GenericAll",
          "IsInherited": false
        },
        {
          "PrincipalSID": "S-1-5-21-3371459185-1406607600-1583401892-519",
          "PrincipalType": "Group",
          "RightName": "GenericAll",
          "IsInherited": true
        },
        {
          "PrincipalSID": "S-1-5-21-3371459185-1406607600-1583401892-512",
          "PrincipalType": "Group",
          "RightName": "WriteDacl",
          "IsInherited": true
        },
        {
          "PrincipalSID": "S-1-5-21-3371459185-1406607600-1583401892-512",
          "PrincipalType": "Group",
          "RightName": "WriteOwner",
          "IsInherited": true
        }
      ],
      "ObjectIdentifier": "66370B29-86F6-4A47-AD95-268CBEFD24E3",
      "IsDeleted": false,
      "IsACLProtected": false,
      "ContainedBy": {
        "ObjectIdentifier": "24451C8D-A27C-4FB8-AB7B-CFA759960697",
        "ObjectType": "Container"
      }
    }
  ],
  "meta": {
    "methods": 521215,
    "type": "ntauthstores",
    "count": 1,
    "version": 6
  }
}