{
  "data": [
    {
      "GPOChanges": {
        "LocalAdmins": [],
        "RemoteDesktopUsers": [],
        "DcomUsers": [],
        "PSRemoteUsers": [],
        "AffectedComputers": [
          {
            "ObjectIdentifier": "S-1-5-21-3354139931-896117953-3418065721-1000",
            "ObjectType": "Computer"
          },
          {
            "ObjectIdentifier": "S-1-5-21-3354139931-896117953-3418065721-1103",
            "ObjectType": "Computer"
          },
          {
            "ObjectIdentifier": "S-1-5-21-3354139931-896117953-3418065721-2101",
            "ObjectType": "Computer"
          },
          {
            "ObjectIdentifier": "S-1-5-21-3354139931-896117953-3418065721-2124",
            "ObjectType": "Computer"
          },
          {
            "ObjectIdentifier": "S-1-5-21-3354139931-896117953-3418065721-2148",
            "ObjectType": "Computer"
          },
          {
            "ObjectIdentifier": "S-1-5-21-3354139931-896117953-3418065721-2149",
            "ObjectType": "Computer"
          },
          {
            "ObjectIdentifier": "S-1-5-21-3354139931-896117953-3418065721-2150",
            "ObjectType": "Computer"
          },
          {
            "ObjectIdentifier": "S-1-5-21-3354139931-896117953-3418065721-2161",
            "ObjectType": "Computer"
          },
          {
            "ObjectIdentifier": "S-1-5-21-3354139931-896117953-3418065721-2162",
            "ObjectType": "Computer"
          },
          {
            "ObjectIdentifier": "S-1-5-21-3354139931-896117953-3418065721-2163",
            "ObjectType": "Computer"
          },
          {
            "ObjectIdentifier": "S-1-5-21-3354139931-896117953-3418065721-2164",
            "ObjectType": "Computer"
          },
          {
            "ObjectIdentifier": "S-1-5-21-3354139931-896117953-3418065721-2166",
            "ObjectType": "Computer"
          },
          {
            "ObjectIdentifier": "S-1-5-21-3354139931-896117953-3418065721-2167",
            "ObjectType": "Computer"
          },
          {
            "ObjectIdentifier": "S-1-5-21-3354139931-896117953-3418065721-2171",
            "ObjectType": "Computer"
          },
          {
            "ObjectIdentifier": "S-1-5-21-3354139931-896117953-3418065721-2174",
            "ObjectType": "Computer"
          },
          {
            "ObjectIdentifier": "S-1-5-21-3354139931-896117953-3418065721-2177",
            "ObjectType": "Computer"
          },
          {
            "ObjectIdentifier": "S-1-5-21-3354139931-896117953-3418065721-2182",
            "ObjectType": "Computer"
          },
          {
            "ObjectIdentifier": "S-1-5-21-3354139931-896117953-3418065721-2190",
            "ObjectType": "Computer"
          },
          {
            "ObjectIdentifier": "S-1-5-21-3354139931-896117953-3418065721-2222",
            "ObjectType": "Computer"
          },
          {
            "ObjectIdentifier": "S-1-5-21-3354139931-896117953-3418065721-2223",
            "ObjectType": "Computer"
          }
        ]
      },
      "Properties": {
        "domain": "DOMAIN1.LOCAL",
        "name": "DOMAIN1.LOCAL",
        "distinguishedname": "DC=DOMAIN1,DC=LOCAL",
        "domainsid": "S-1-5-21-3354139931-896117953-3418065721",
        "isaclprotected": false,
        "description": null,
        "whencreated": 1653361613,
        "functionallevel": "2016",
        "collected": true
      },
      "ChildObjects": [],
      "Trusts": [
        {
          "TargetDomainSid": "S-1-5-21-675990846-1476227994-1483135188",
          "TargetDomainName": "DOMAIN2.LOCAL",
          "IsTransitive": true,
          "SidFilteringEnabled": false,
          "TrustDirection": "Bidirectional",
          "TrustType": "ParentChild"
        },
        {
          "TargetDomainSid": "S-1-5-21-3206975568-2754887349-3939375423",
          "TargetDomainName": "DOMAIN3.LOCAL",
          "IsTransitive": true,
          "SidFilteringEnabled": false,
          "TrustDirection": "Inbound",
          "TrustType": "External"
        },
        {
          "TargetDomainSid": "S-1-5-21-3371459185-1406607600-1583401892",
          "TargetDomainName": "DOMAIN4.LOCAL",
          "IsTransitive": true,
          "SidFilteringEnabled": true,
          "TrustDirection": "Bidirectional",
          "TrustType": "External"
        }
      ],
      "Links": [
        {
          "IsEnforced": false,
          "GUID": "513F24A9-5987-4BB6-BC85-1532AA76E6C9"
        },
        {
          "IsEnforced": false,
          "GUID": "7D9A2E40-0B54-43A8-926B-768BEFF74809"
        },
        {
          "IsEnforced": false,
          "GUID": "42907E43-7C3F-402F-B2C9-99187D9A58F5"
        },
        {
          "IsEnforced": false,
          "GUID": "F7A28DE3-953B-443C-855D-C22632A38C10"
        },
        {
          "IsEnforced": false,
          "GUID": "F33342C7-4053-464B-8532-83F6A83A8DF2"
        }
      ],
      "Aces": [
        {
          "PrincipalSID": "DOMAIN1.LOCAL-S-1-5-32-544",
          "PrincipalType": "Group",
          "RightName": "Owns",
          "IsInherited": false
        },
        {
          "PrincipalSID": "DOMAIN1.LOCAL-S-1-5-32-544",
          "PrincipalType": "Group",
          "RightName": "WriteDacl",
          "IsInherited": false
        },
        {
          "PrincipalSID": "DOMAIN1.LOCAL-S-1-5-32-544",
          "PrincipalType": "Group",
          "RightName": "WriteOwner",
          "IsInherited": false
        },
        {
          "PrincipalSID": "DOMAIN1.LOCAL-S-1-5-32-544",
          "PrincipalType": "Group",
          "RightName": "AllExtendedRights",
          "IsInherited": false
        },
        {
          "PrincipalSID": "S-1-5-21-3354139931-896117953-3418065721-512",
          "PrincipalType": "Group",
          "RightName": "WriteDacl",
          "IsInherited": false
        },
        {
          "PrincipalSID": "S-1-5-21-3354139931-896117953-3418065721-512",
          "PrincipalType": "Group",
          "RightName": "WriteOwner",
          "IsInherited": false
        },
        {
          "PrincipalSID": "S-1-5-21-3354139931-896117953-3418065721-512",
          "PrincipalType": "Group",
          "RightName": "AllExtendedRights",
          "IsInherited": false
        },
        {
          "PrincipalSID": "S-1-5-21-3354139931-896117953-3418065721-519",
          "PrincipalType": "Group",
          "RightName": "GenericAll",
          "IsInherited": false
        },
        {
          "PrincipalSID": "DOMAIN1.LOCAL-S-1-5-9",
          "PrincipalType": "Group",
          "RightName": "GetChanges",
          "IsInherited": false
        },
        {
          "PrincipalSID": "DOMAIN1.LOCAL-S-1-5-9",
          "PrincipalType": "Group",
          "RightName": "GetChangesInFilteredSet",
          "IsInherited": false
        },
        {
          "PrincipalSID": "DOMAIN1.LOCAL-S-1-5-32-544",
          "PrincipalType": "Group",
          "RightName": "GetChangesInFilteredSet",
          "IsInherited": false
        },
        {
          "PrincipalSID": "DOMAIN1.LOCAL-S-1-5-32-544",
          "PrincipalType": "Group",
          "RightName": "GetChangesAll",
          "IsInherited": false
        },
        {
          "PrincipalSID": "DOMAIN1.LOCAL-S-1-5-32-544",
          "PrincipalType": "Group",
          "RightName": "GetChanges",
          "IsInherited": false
        },
        {
          "PrincipalSID": "S-1-5-21-3354139931-896117953-3418065721-498",
          "PrincipalType": "Group",
          "RightName": "GetChanges",
          "IsInherited": false
        },
        {
          "PrincipalSID": "S-1-5-21-3354139931-896117953-3418065721-516",
          "PrincipalType": "Group",
          "RightName": "GetChangesAll",
          "IsInherited": false
        },
        {
          "PrincipalSID": "S-1-5-21-3354139931-896117953-3418065721-2123",
          "PrincipalType": "Group",
          "RightName": "GetChanges",
          "IsInherited": false
        },
        {
          "PrincipalSID": "S-1-5-21-3354139931-896117953-3418065721-2123",
          "PrincipalType": "Group",
          "RightName": "GetChangesAll",
          "IsInherited": false
        },
        {
          "PrincipalSID": "S-1-5-21-3354139931-896117953-3418065721-2208",
          "PrincipalType": "Group",
          "RightName": "GetChangesAll",
          "IsInherited": false
        },
        {
          "PrincipalSID": "S-1-5-21-3354139931-896117953-3418065721-2209",
          "PrincipalType": "Group",
          "RightName": "GetChanges",
          "IsInherited": false
        }
      ],
      "ObjectIdentifier": "S-1-5-21-3354139931-896117953-3418065721",
      "IsDeleted": false,
      "IsACLProtected": false,
      "ContainedBy": null
    }
  ],
  "meta": {
    "methods": 521215,
    "type": "domains",
    "count": 1,
    "version": 6
  }
}